time,latitude,longitude,depth,mag,magType,nst,gap,dmin,rms,net,id,updated,place,type,horizontalError,depthError,magError,magNst,status,locationSource,magSource
2019-08-11T17:00:14.330Z,36.1516685,-117.9313354,2.57,1.59,ml,15,209,0.07064,0.1,ci,ci38956216,2019-08-11T17:02:27.048Z,"12km N of Coso Junction, CA",earthquake,0.98,0.64,0.288,9,automatic,ci,ci
2019-08-11T16:57:57.920Z,38.8116684,-122.8131638,2.92,0.96,md,27,47,,0.05,nc,nc73247796,2019-08-11T16:59:32.498Z,"6km NW of The Geysers, CA",earthquake,0.22,0.43,0.16,7,automatic,nc,nc
2019-08-11T16:56:40.750Z,35.8683333,-117.697,2.69,1.56,ml,28,48,0.08124,0.16,ci,ci38956208,2019-08-11T17:00:16.367Z,"20km ESE of Little Lake, CA",earthquake,0.24,0.39,0.155,26,automatic,ci,ci
2019-08-11T16:52:21.900Z,47.6421666666667,-121.844166666667,18.06,1.81,ml,14,101,,0.06,uw,uw61544036,2019-08-11T17:02:22.940Z,"5km E of Carnation, Washington",earthquake,0.41,0.7,0.1646591142831,5,reviewed,uw,uw
2019-08-11T16:52:15.770Z,35.6518333,-117.4568333,2.17,0.96,ml,17,117,0.05973,0.17,ci,ci38956192,2019-08-11T16:55:56.870Z,"14km SSW of Searles Valley, CA",earthquake,0.33,0.51,0.129,11,automatic,ci,ci
2019-08-11T16:47:32.910Z,38.803833,-122.8255005,2,0.56,md,8,85,0.005791,0.05,nc,nc73247781,2019-08-11T17:02:02.222Z,"7km WNW of The Geysers, CA",earthquake,0.54,1.06,,1,automatic,nc,nc
2019-08-11T16:44:32.070Z,49.3331666666667,-119.7485,-0.54,2.81,ml,39,166,,2.42,uw,uw61544026,2019-08-11T17:02:57.815Z,"20km SW of Penticton, Canada",earthquake,8.68,17.54,0.113380309414715,17,reviewed,uw,uw
2019-08-11T16:39:00.191Z,-23.7678,-179.9641,528.71,4.5,mb,,55,5.751,0.86,us,us600053rb,2019-08-11T16:57:43.040Z,"South of the Fiji Islands",earthquake,10.9,8.9,0.041,174,reviewed,us,us
2019-08-11T16:31:05.620Z,35.5825,-117.344,1.39,1.3,ml,20,94,0.04704,0.18,ci,ci38956152,2019-08-11T16:34:39.205Z,"20km S of Trona, CA",earthquake,0.28,0.39,0.202,16,automatic,ci,ci
2019-08-11T16:29:38.420Z,36.1118333,-117.8511667,4.51,0.91,ml,10,108,0.006468,0.18,ci,ci38956144,2019-08-11T16:33:14.198Z,"12km NE of Coso Junction, CA",earthquake,0.51,0.8,0.24,10,automatic,ci,ci
2019-08-11T16:28:07.947Z,60.1703,-141.3268,9.5,0.9,ml,,,,0.78,ak,ak019a92jcgq,2019-08-11T16:40:41.961Z,"62km E of Cape Yakataga, Alaska",earthquake,,0.4,,,automatic,ak,ak
2019-08-11T16:23:38.130Z,38.0332,-116.2328,11.6,1,ml,11,195.44,0.778,0.27,nn,nn00699455,2019-08-11T16:27:33.584Z,"21km SE of Warm Springs, Nevada",earthquake,,2.3,,,automatic,nn,nn
2019-08-11T16:19:57.914Z,57.7869,-157.533,171.6,2,ml,,,,0.9,ak,ak019a92hivj,2019-08-11T16:40:41.554Z,"112km SSW of King Salmon, Alaska",earthquake,,1.2,,,automatic,ak,ak
2019-08-11T16:18:49.680Z,35.7058333,-117.5648333,7.19,1.01,ml,17,122,0.08368,0.16,ci,ci38956128,2019-08-11T16:22:34.133Z,"14km NE of Ridgecrest, CA",earthquake,0.4,0.68,0.221,11,automatic,ci,ci
2019-08-11T16:16:02.240Z,35.6136667,-117.4446667,8.21,0.87,ml,14,126,0.03064,0.18,ci,ci38956120,2019-08-11T16:19:41.870Z,"18km SSW of Searles Valley, CA",earthquake,0.4,0.62,0.112,8,automatic,ci,ci
2019-08-11T16:13:14.486Z,59.6719,-153.9048,186.2,1.3,ml,,,,0.59,ak,ak019a92g58s,2019-08-11T16:25:58.373Z,"57km E of Old Iliamna, Alaska",earthquake,,0.8,,,automatic,ak,ak
2019-08-11T16:12:07.350Z,35.7153333,-117.5401667,7.8,0.92,ml,17,73,0.09603,0.16,ci,ci38956104,2019-08-11T16:15:51.089Z,"14km WSW of Searles Valley, CA",earthquake,0.37,0.87,0.124,9,automatic,ci,ci
2019-08-11T16:11:25.064Z,69.583,-144.5859,0,2.3,ml,,,,0.7,ak,ak019a92fqm2,2019-08-11T16:18:05.840Z,"71km SSW of Kaktovik, Alaska",earthquake,,1,,,automatic,ak,ak
2019-08-11T16:08:16.670Z,35.8933333,-117.7413333,6.91,0.64,ml,11,70,0.08349,0.26,ci,ci38956096,2019-08-11T16:11:52.331Z,"16km ESE of Little Lake, CA",earthquake,0.72,1.64,0.267,10,automatic,ci,ci
2019-08-11T16:07:19.680Z,35.7286667,-117.5436667,5.49,0.47,ml,10,144,0.0973,0.19,ci,ci38956088,2019-08-11T16:11:06.033Z,"13km WSW of Searles Valley, CA",earthquake,0.67,3.5,0.138,8,automatic,ci,ci
2019-08-11T16:05:01.134Z,60.1052,-141.5003,1.6,1.3,ml,,,,1.58,ak,ak019a92eeko,2019-08-11T16:09:02.529Z,"51km E of Cape Yakataga, Alaska",earthquake,,0.5,,,automatic,ak,ak
2019-08-11T16:04:49.286Z,69.088,-147.7572,7.2,2.7,ml,,,,0.7,ak,ak019a92ead8,2019-08-11T16:21:18.040Z,"132km S of Prudhoe Bay, Alaska",earthquake,,0.8,,,automatic,ak,ak
2019-08-11T16:00:02.150Z,33.9958333,-117.0893333,14.04,1.02,ml,33,49,0.04394,0.17,ci,ci38956080,2019-08-11T16:03:47.866Z,"4km WNW of Calimesa, CA",earthquake,0.28,0.65,0.184,28,automatic,ci,ci
2019-08-11T15:59:51.800Z,38.8349991,-122.7866669,1.91,1.45,md,33,63,,0.05,nc,nc73247776,2019-08-11T16:42:02.096Z,"6km WNW of Cobb, CA",earthquake,0.18,0.31,0.1,12,automatic,nc,nc
2019-08-11T15:59:38.650Z,35.7215,-117.5471667,2.68,0.66,ml,16,139,0.1008,0.27,ci,ci38956072,2019-08-11T16:03:05.453Z,"14km WSW of Searles Valley, CA",earthquake,0.55,0.65,0.104,8,automatic,ci,ci
2019-08-11T15:57:56.891Z,69.2263,-144.4539,14.2,2,ml,,,,0.94,ak,ak019a9248eh,2019-08-11T16:02:39.248Z,"106km SSW of Kaktovik, Alaska",earthquake,,0.7,,,automatic,ak,ak
2019-08-11T15:55:14.760Z,38.8344994,-122.8106689,1.79,1.36,md,23,64,,0.05,nc,nc73247771,2019-08-11T16:31:03.024Z,"8km W of Cobb, CA",earthquake,0.21,0.45,0.07,8,automatic,nc,nc
2019-08-11T15:53:19.180Z,38.8218346,-122.854332,2.19,0.58,md,15,66,,0.03,nc,nc73247766,2019-08-11T16:21:03.954Z,"10km WNW of The Geysers, CA",earthquake,0.27,0.51,0.03,4,automatic,nc,nc
2019-08-11T15:51:14.860Z,35.793,-117.6273333,5.95,1.47,ml,25,56,0.03321,0.15,ci,ci38956064,2019-08-11T16:02:14.990Z,"20km NNE of Ridgecrest, CA",earthquake,0.23,0.61,0.154,22,automatic,ci,ci
2019-08-11T15:44:52.530Z,38.8153343,-122.8193359,2.57,0.56,md,9,73,0.01004,0.02,nc,nc73247751,2019-08-11T15:59:03.813Z,"7km NW of The Geysers, CA",earthquake,0.37,1.16,,1,automatic,nc,nc
2019-08-11T15:44:08.810Z,35.899,-117.6826667,6.62,0.72,ml,10,112,0.05539,0.05,ci,ci38956048,2019-08-11T15:47:54.488Z,"21km ESE of Little Lake, CA",earthquake,0.22,0.6,0.074,8,automatic,ci,ci
2019-08-11T15:41:14.500Z,33.798,-115.7753333,3.82,0.97,ml,25,82,0.1449,0.18,ci,ci38956040,2019-08-11T15:44:52.729Z,"34km NNE of North Shore, CA",earthquake,0.37,1.55,0.149,14,automatic,ci,ci
2019-08-11T15:37:59.722Z,60.1798,-137.4912,9.8,1,ml,,,,0.18,ak,ak019a91zyas,2019-08-11T16:02:38.849Z,"63km S of Haines Junction, Canada",earthquake,,0.4,,,automatic,ak,ak
2019-08-11T15:33:05.910Z,19.3449993,-155.1224976,5.18,2.55,ml,54,188,0.03975,0.19,hv,hv71083397,2019-08-11T15:38:47.020Z,"15km SE of Volcano, Hawaii",earthquake,0.38,0.36,2.84,37,automatic,hv,hv
2019-08-11T15:31:03.520Z,35.6115,-117.6186667,18.11,1.15,ml,7,164,0.1343,0.12,ci,ci38956008,2019-08-11T15:34:48.671Z,"5km ESE of Ridgecrest, CA",earthquake,0.99,0.96,0.118,14,automatic,ci,ci
2019-08-11T15:30:39.341Z,36.29814911,-97.51328278,1.253112674,2.56,ml,63,64.04033279,0.2067166418,0.6655656321,ok,ok2019pquj,2019-08-11T15:41:57.040Z,"20km W of Perry, Oklahoma",earthquake,1.513908614,1.37109548,,47,automatic,ok,ok
2019-08-11T15:25:51.020Z,35.8596667,-117.679,7.8,2.11,ml,30,48,0.07941,0.17,ci,ci38956000,2019-08-11T15:36:49.500Z,"22km ESE of Little Lake, CA",earthquake,0.24,0.73,0.181,25,automatic,ci,ci
2019-08-11T15:23:33.900Z,38.8351669,-122.8028336,2.1,1.28,md,25,39,,0.06,nc,nc73247741,2019-08-11T15:38:02.879Z,"7km WNW of Cobb, CA",earthquake,0.23,0.42,0.12,9,automatic,nc,nc
2019-08-11T15:22:02.020Z,35.8085,-117.6415,8.58,1.89,ml,30,49,0.03648,0.15,ci,ci38955992,2019-08-11T15:33:00.760Z,"21km N of Ridgecrest, CA",earthquake,0.22,0.54,0.138,25,automatic,ci,ci
2019-08-11T15:21:21.120Z,33.4753333,-116.5713333,9.6,0.44,ml,23,79,0.03223,0.19,ci,ci38955984,2019-08-11T15:24:59.768Z,"13km SE of Anza, CA",earthquake,0.37,0.61,0.155,6,automatic,ci,ci
2019-08-11T15:20:16.010Z,35.7545,-117.5375,3.78,0.72,ml,15,121,0.0782,0.21,ci,ci38955976,2019-08-11T15:23:54.760Z,"12km W of Searles Valley, CA",earthquake,0.49,1.26,0.123,9,automatic,ci,ci
2019-08-11T15:14:40.730Z,35.0369987,-85.4958344,20.54,1.91,md,12,67,0.1358,0.09,se,se60259652,2019-08-11T16:48:09.370Z,"12km ESE of Jasper, Tennessee",earthquake,0.45,0.82,0.42,7,reviewed,se,se
2019-08-11T15:10:23.140Z,38.7916679,-122.7480011,0.87,1.11,md,20,65,,0.04,nc,nc73247731,2019-08-11T15:25:02.555Z,"2km NNE of The Geysers, CA",earthquake,0.18,0.48,0.19,9,automatic,nc,nc
2019-08-11T15:03:23.510Z,62.9085,-150.9034,99.7,0.9,ml,,,,0.18,ak,ak019a91sl5r,2019-08-11T15:06:25.805Z,"76km NNW of Talkeetna, Alaska",earthquake,,1.3,,,automatic,ak,ak
2019-08-11T15:02:40.682Z,-28.2489,-67.5659,171.74,4.1,ml,,141,1.977,0.37,us,us600053qt,2019-08-11T15:26:42.040Z,"20km S of Tinogasta, Argentina",earthquake,11.8,25.1,0.064,32,reviewed,us,us
2019-08-11T15:02:13.490Z,35.6435,-117.4445,9.55,1,ml,20,57,0.02744,0.24,ci,ci38955944,2019-08-11T15:05:50.655Z,"14km SSW of Searles Valley, CA",earthquake,0.47,0.77,0.146,13,automatic,ci,ci
2019-08-11T15:00:38.590Z,36.0561667,-117.4466667,6.55,0.97,ml,11,158,0.03436,0.13,ci,ci38955936,2019-08-11T15:04:15.873Z,"32km N of Searles Valley, CA",earthquake,0.44,0.45,0.098,9,automatic,ci,ci
2019-08-11T14:59:19.450Z,35.6638333,-117.523,8.36,2.42,ml,34,36,0.05612,0.17,ci,ci38955928,2019-08-11T15:10:35.830Z,"15km ENE of Ridgecrest, CA",earthquake,0.24,0.54,0.181,25,automatic,ci,ci
2019-08-11T14:59:11.970Z,35.6313333,-117.4663333,3.02,1.29,ml,24,60,0.03824,0.16,ci,ci38955920,2019-08-11T15:02:58.213Z,"16km SSW of Searles Valley, CA",earthquake,0.23,0.27,0.366,11,automatic,ci,ci
2019-08-11T14:56:25.320Z,35.4831667,-118.0941667,8.85,2.32,ml,44,46,0.06532,0.14,ci,ci38955904,2019-08-11T15:07:31.190Z,"31km SW of Inyokern, CA",earthquake,0.18,0.55,0.199,26,automatic,ci,ci
2019-08-11T14:53:08.820Z,35.6011667,-117.482,4.85,1.14,ml,18,72,0.008839,0.16,ci,ci38955896,2019-08-11T14:56:54.119Z,"18km E of Ridgecrest, CA",earthquake,0.27,0.38,0.118,15,automatic,ci,ci
2019-08-11T14:50:25.690Z,36.1581667,-117.927,2.58,1.77,ml,26,63,0.07107,0.17,ci,ci38955888,2019-08-11T14:54:21.590Z,"13km N of Coso Junction, CA",earthquake,0.3,0.57,0.193,25,automatic,ci,ci
2019-08-11T14:43:37.720Z,35.9241667,-117.714,1.68,2.61,ml,32,39,0.0568,0.17,ci,ci38955872,2019-08-11T14:54:38.640Z,"17km E of Little Lake, CA",earthquake,0.22,0.36,0.199,26,automatic,ci,ci
2019-08-11T14:39:56.250Z,35.7118333,-117.6726667,0.03,0.64,ml,9,152,0.1204,0.14,ci,ci38955864,2019-08-11T14:43:31.954Z,"10km N of Ridgecrest, CA",earthquake,0.62,31.61,0.151,9,automatic,ci,ci
2019-08-11T14:37:23.080Z,38.7628326,-122.7348328,1.84,0.87,md,7,102,,0.02,nc,nc73247696,2019-08-11T15:13:04.865Z,"2km SE of The Geysers, CA",earthquake,0.33,0.75,0.12,4,automatic,nc,nc
2019-08-11T14:34:32.320Z,38.7905006,-122.7624969,1.1,1.51,md,24,63,,0.05,nc,nc73247686,2019-08-11T15:03:04.943Z,"2km NNW of The Geysers, CA",earthquake,0.21,0.45,0.09,9,automatic,nc,nc
2019-08-11T14:32:14.440Z,35.7023333,-117.5105,5.99,1.09,ml,26,73,0.07984,0.16,ci,ci38955848,2019-08-11T14:35:58.714Z,"12km SW of Searles Valley, CA",earthquake,0.27,1,0.233,13,automatic,ci,ci
2019-08-11T14:29:35.430Z,35.6983333,-117.518,6.94,1.05,ml,19,116,0.08676,0.24,ci,ci38955840,2019-08-11T14:33:17.468Z,"13km SW of Searles Valley, CA",earthquake,0.48,1.31,0.105,14,automatic,ci,ci
2019-08-11T14:27:45.630Z,38.8351669,-122.8059998,2.35,0.62,md,17,79,,0.03,nc,nc73247676,2019-08-11T14:52:04.587Z,"7km WNW of Cobb, CA",earthquake,0.25,0.51,0.23,5,automatic,nc,nc
2019-08-11T14:26:03.300Z,35.7385,-117.509,8.53,0.82,ml,12,176,0.1055,0.13,ci,ci38955824,2019-08-11T14:29:40.452Z,"10km WSW of Searles Valley, CA",earthquake,0.57,0.94,0.202,9,automatic,ci,ci
2019-08-11T14:25:08.468Z,64.7715,-148.5125,12.8,1,ml,,,,1.4,ak,ak019a91bu5a,2019-08-11T14:28:07.107Z,"25km WSW of Ester, Alaska",earthquake,,0.3,,,automatic,ak,ak
2019-08-11T14:13:16.260Z,35.6481667,-117.5563333,1.77,0.99,ml,19,92,0.02807,0.16,ci,ci38955816,2019-08-11T14:16:59.391Z,"11km ENE of Ridgecrest, CA",earthquake,0.27,0.38,0.136,12,automatic,ci,ci
2019-08-11T14:12:39.770Z,35.7238333,-117.5328333,1.21,0.68,ml,12,138,0.1057,0.17,ci,ci38955808,2019-08-11T14:16:18.670Z,"13km WSW of Searles Valley, CA",earthquake,0.43,0.58,0.069,9,automatic,ci,ci
2019-08-11T14:09:48.393Z,60.6914,-152.5812,103.7,1,ml,,,,0.24,ak,ak019a918hqv,2019-08-11T14:21:55.382Z,"24km NNE of Redoubt Volcano, Alaska",earthquake,,0.8,,,automatic,ak,ak
2019-08-11T14:08:07.559Z,61.8914,-151.1214,58.3,1.1,ml,,,,0.55,ak,ak019a9186vp,2019-08-11T14:17:44.045Z,"59km WNW of Willow, Alaska",earthquake,,0.5,,,automatic,ak,ak
2019-08-11T14:07:57.115Z,68.8424,-146.7592,0,1.8,ml,,,,1.04,ak,ak019a91830f,2019-08-11T14:12:41.836Z,"94km NNW of Arctic Village, Alaska",earthquake,,0.3,,,automatic,ak,ak
2019-08-11T14:06:41.890Z,35.6801667,-117.5215,5.3,0.51,ml,14,97,0.06977,0.19,ci,ci38955800,2019-08-11T14:10:17.353Z,"14km SW of Searles Valley, CA",earthquake,0.41,1.54,0.126,7,automatic,ci,ci
2019-08-11T14:04:38.860Z,35.7365,-117.5663333,2.7,1.02,ml,19,110,0.08303,0.17,ci,ci38955792,2019-08-11T14:08:21.343Z,"15km WSW of Searles Valley, CA",earthquake,0.29,0.45,0.076,12,automatic,ci,ci
2019-08-11T14:01:41.480Z,35.7015,-117.5151667,6.74,0.6,ml,16,76,0.09064,0.24,ci,ci38955776,2019-08-11T14:05:27.148Z,"12km SW of Searles Valley, CA",earthquake,0.59,1.72,0.094,9,automatic,ci,ci
2019-08-11T13:54:16.700Z,36.1168333,-117.8816667,6.01,0.87,ml,12,139,0.02172,0.16,ci,ci38955760,2019-08-11T13:57:57.282Z,"10km NE of Coso Junction, CA",earthquake,0.5,0.66,0.238,8,automatic,ci,ci
2019-08-11T13:46:30.520Z,36.5803337,-121.1761703,1.44,2.97,md,44,65,0.01138,0.09,nc,nc73247661,2019-08-11T16:46:03.121Z,"6km NNW of Pinnacles, CA",earthquake,0.2,0.34,0.13,48,automatic,nc,nc
2019-08-11T13:44:41.940Z,35.706,-117.5176667,4.18,1.89,ml,33,63,0.08671,0.17,ci,ci38955744,2019-08-11T13:55:12.660Z,"12km WSW of Searles Valley, CA",earthquake,0.23,0.65,0.151,27,automatic,ci,ci
2019-08-11T13:43:33.870Z,35.8626667,-117.682,6.68,0.44,ml,10,83,0.0831,0.1,ci,ci38955736,2019-08-11T13:47:17.482Z,"22km ESE of Little Lake, CA",earthquake,0.27,0.77,0.201,5,automatic,ci,ci
2019-08-11T13:40:59.700Z,69.6414,-145.1206,0,2.1,ml,,,,1.14,ak,ak019a90tq66,2019-08-11T13:48:44.846Z,"79km SW of Kaktovik, Alaska",earthquake,,0.5,,,automatic,ak,ak
2019-08-11T13:39:15.110Z,35.9243333,-117.7123333,2.48,1.26,ml,15,51,0.05551,0.12,ci,ci38955720,2019-08-11T13:42:46.010Z,"18km E of Little Lake, CA",earthquake,0.21,0.34,0.259,8,automatic,ci,ci
2019-08-11T13:38:43.410Z,35.8281667,-117.7511667,8.63,1.77,ml,12,100,0.02252,0.2,ci,ci38955704,2019-08-11T13:42:37.182Z,"18km SE of Little Lake, CA",earthquake,0.54,1.2,0.147,14,automatic,ci,ci
2019-08-11T13:38:39.830Z,35.5333333,-117.3618333,8.37,1.24,ml,32,69,0.008649,0.18,ci,ci38955712,2019-08-11T13:49:58.060Z,"26km S of Trona, CA",earthquake,0.26,0.55,0.37,9,automatic,ci,ci
2019-08-11T13:38:18.280Z,35.909,-117.6973333,2.41,0.86,ml,12,75,0.0544,0.18,ci,ci38955696,2019-08-11T13:42:01.177Z,"19km E of Little Lake, CA",earthquake,0.3,0.48,0.142,10,automatic,ci,ci
2019-08-11T13:37:39.955Z,59.2586,-152.2212,68.1,1.5,ml,,,,0.24,ak,ak019a90t1kb,2019-08-11T13:44:53.378Z,"57km SW of Homer, Alaska",earthquake,,0.6,,,automatic,ak,ak
2019-08-11T13:30:57.620Z,35.9131667,-117.7328333,3.97,0.42,ml,10,104,0.07536,0.06,ci,ci38955672,2019-08-11T13:34:38.366Z,"16km E of Little Lake, CA",earthquake,0.16,0.75,0.152,4,automatic,ci,ci
2019-08-11T13:28:25.870Z,35.8443333,-117.644,7.47,0.67,ml,10,129,0.04734,0.18,ci,ci38955664,2019-08-11T13:31:57.120Z,"23km WNW of Searles Valley, CA",earthquake,0.52,1.19,0.156,7,automatic,ci,ci
2019-08-11T13:24:12.150Z,35.6456667,-117.4651667,2.39,0.96,ml,19,62,0.03897,0.15,ci,ci38955656,2019-08-11T13:27:50.100Z,"15km SSW of Searles Valley, CA",earthquake,0.23,0.28,0.157,11,automatic,ci,ci
2019-08-11T13:21:06.300Z,35.6696667,-117.4633333,9.1,0.71,ml,18,125,0.03261,0.21,ci,ci38955648,2019-08-11T13:24:47.193Z,"12km SSW of Searles Valley, CA",earthquake,0.51,0.9,0.089,7,automatic,ci,ci
2019-08-11T13:18:30.610Z,36.206,-118.049,0.1,1.39,ml,14,119,0.1802,0.27,ci,ci38955640,2019-08-11T13:22:18.072Z,"9km SSW of Olancha, CA",earthquake,0.64,31.61,0.248,17,automatic,ci,ci
2019-08-11T13:17:38.710Z,35.8281667,-117.64,7.57,0.61,ml,9,81,0.03669,0.2,ci,ci38955632,2019-08-11T13:21:13.917Z,"22km WNW of Searles Valley, CA",earthquake,0.57,0.97,0.121,8,automatic,ci,ci
2019-08-11T13:16:32.740Z,35.7141667,-117.537,7.02,0.73,ml,15,142,0.09557,0.16,ci,ci38955624,2019-08-11T13:20:18.057Z,"13km WSW of Searles Valley, CA",earthquake,0.44,0.96,0.107,7,automatic,ci,ci
2019-08-11T13:15:44.210Z,36.134,-117.901,6.02,1.84,ml,29,59,0.04079,0.16,ci,ci38955616,2019-08-11T13:26:43.710Z,"11km NNE of Coso Junction, CA",earthquake,0.28,0.69,0.278,26,automatic,ci,ci
2019-08-11T13:15:28.090Z,35.958,-117.4085,1.39,0.85,ml,12,121,0.1192,0.14,ci,ci38955608,2019-08-11T13:19:09.915Z,"21km N of Searles Valley, CA",earthquake,0.42,0.75,0.184,8,automatic,ci,ci
2019-08-11T13:13:58.050Z,38.5546684,-122.4576645,2.38,1.38,md,4,176,,0.05,nc,nc73247641,2019-08-11T15:46:02.728Z,"2km SSW of Angwin, CA",earthquake,1,8.01,0.14,4,automatic,nc,nc
2019-08-11T13:13:36.700Z,36.1323333,-117.9,8.32,1.15,ml,15,144,0.0394,0.14,ci,ci38955600,2019-08-11T13:17:23.337Z,"11km NNE of Coso Junction, CA",earthquake,0.39,0.62,0.263,17,automatic,ci,ci
2019-08-11T13:09:04.030Z,36.1288333,-117.9076667,5.29,2.44,ml,30,59,0.0442,0.16,ci,ci38955592,2019-08-11T13:19:43.650Z,"10km NNE of Coso Junction, CA",earthquake,0.3,0.72,0.23,25,automatic,ci,ci
2019-08-11T13:07:46.339Z,61.4751,-149.9548,49.7,0.7,ml,,,,0.31,ak,ak019a90mmkp,2019-08-11T13:14:25.931Z,"5km S of Big Lake, Alaska",earthquake,,0.9,,,automatic,ak,ak
2019-08-11T13:06:06.630Z,37.5983315,-118.7910004,6.1,1.45,md,17,155,0.03139,0.02,nc,nc73247626,2019-08-11T15:04:04.654Z,"11km WNW of Toms Place, CA",earthquake,0.88,0.65,0.22,16,automatic,nc,nc
2019-08-11T13:04:17.570Z,35.6391667,-117.452,7.76,0.92,ml,20,69,0.03468,0.2,ci,ci38955584,2019-08-11T13:08:03.464Z,"15km SSW of Searles Valley, CA",earthquake,0.39,0.69,0.207,10,automatic,ci,ci
2019-08-11T13:03:47.728Z,61.9888,-150.4449,29.2,1,ml,,,,0.62,ak,ak019a90lrtg,2019-08-11T13:12:45.169Z,"34km NW of Willow, Alaska",earthquake,,0.4,,,automatic,ak,ak
2019-08-11T13:03:31.960Z,35.6865,-117.4746667,2.18,0.77,ml,15,118,0.04667,0.18,ci,ci38955576,2019-08-11T13:07:03.983Z,"11km SW of Searles Valley, CA",earthquake,0.33,0.45,0.163,9,automatic,ci,ci
2019-08-11T13:00:21.350Z,35.7861667,-117.591,9.23,0.89,ml,15,112,0.02998,0.32,ci,ci38955560,2019-08-11T13:04:00.103Z,"17km W of Searles Valley, CA",earthquake,0.96,1.64,0.263,9,automatic,ci,ci
2019-08-11T12:59:18.513Z,63.2435,-151.4302,1.6,1.3,ml,,,,0.86,ak,ak019a90ca28,2019-08-11T13:06:52.758Z,"122km NNW of Talkeetna, Alaska",earthquake,,0.3,,,automatic,ak,ak
2019-08-11T12:58:50.974Z,62.0952,-151.0928,73.3,1.1,ml,,,,0.23,ak,ak019a90c4uh,2019-08-11T13:01:50.219Z,"57km WSW of Talkeetna, Alaska",earthquake,,0.8,,,automatic,ak,ak
2019-08-11T12:57:13.490Z,36.4683342,-120.3799973,11.51,2.93,md,76,55,0.2501,0.23,nc,nc73247621,2019-08-11T14:37:02.494Z,"7km SW of Cantua Creek, CA",earthquake,0.3,1.05,0.17,53,automatic,nc,nc
2019-08-11T12:56:19.820Z,35.8336667,-117.6698333,3.05,0.91,ml,15,74,0.06144,0.21,ci,ci38955544,2019-08-11T13:00:00.389Z,"24km N of Ridgecrest, CA",earthquake,0.32,0.54,0.113,13,automatic,ci,ci
2019-08-11T12:51:22.740Z,19.149,-67.9035,95,3.14,md,5,220,1.0451,0.22,pr,pr2019223004,2019-08-11T14:12:22.689Z,"82km NE of Punta Cana, Dominican Republic",earthquake,2.009,3,0.18,5,reviewed,pr,pr
2019-08-11T12:47:17.030Z,35.8421667,-117.6551667,7.56,0.76,ml,15,88,0.05376,0.22,ci,ci38955528,2019-08-11T12:51:01.744Z,"24km WNW of Searles Valley, CA",earthquake,0.48,1.11,0.125,10,automatic,ci,ci
2019-08-11T12:45:51.850Z,35.5716667,-117.413002,3.88,2.12,ml,43,70,0.04275,0.14,ci,ci38955520,2019-08-11T12:56:30.850Z,"22km S of Trona, CA",earthquake,0.21,0.6,0.264,25,automatic,ci,ci
2019-08-11T12:43:42.930Z,35.7153333,-117.5648333,10.12,0.86,ml,15,131,0.09316,0.11,ci,ci38955512,2019-08-11T12:47:27.182Z,"14km NE of Ridgecrest, CA",earthquake,0.36,0.59,0.039,7,automatic,ci,ci
2019-08-11T12:42:48.750Z,35.9335,-117.1275,6.5,1.33,ml,8,278,0.4246,0.35,ci,ci38955504,2019-08-11T12:46:34.808Z,"30km NE of Trona, CA",earthquake,7.17,31.61,0.302,9,automatic,ci,ci
2019-08-11T12:39:48.400Z,35.6946667,-117.5223333,7.7,0.62,ml,14,114,0.08187,0.18,ci,ci38955496,2019-08-11T12:43:32.197Z,"13km SW of Searles Valley, CA",earthquake,0.46,1.15,0.244,9,automatic,ci,ci
2019-08-11T12:37:07.810Z,38.8096657,-122.8256683,1.67,0.67,md,14,59,,0.06,nc,nc73247606,2019-08-11T12:51:03.839Z,"7km WNW of The Geysers, CA",earthquake,0.27,0.48,0.21,3,automatic,nc,nc
2019-08-11T12:34:22.340Z,36.0886667,-117.8256667,2.19,1.31,ml,17,84,0.0373,0.15,ci,ci38955368,2019-08-11T12:37:59.595Z,"12km ENE of Coso Junction, CA",earthquake,0.27,0.28,0.176,20,automatic,ci,ci
2019-08-11T12:20:48.298Z,62.3632,-151.1634,85.4,1,ml,,,,0.21,ak,ak019a903xnk,2019-08-11T12:24:01.399Z,"54km W of Talkeetna, Alaska",earthquake,,1.3,,,automatic,ak,ak
2019-08-11T12:19:17.240Z,36.0215,-117.8816667,4.78,2.08,ml,31,55,0.01545,0.12,ci,ci38955360,2019-08-11T12:30:17.840Z,"6km ESE of Coso Junction, CA",earthquake,0.2,0.47,0.302,26,automatic,ci,ci
2019-08-11T12:15:29.570Z,35.894,-117.7341667,5.72,0.44,ml,9,74,0.08671,0.08,ci,ci38955344,2019-08-11T12:18:59.930Z,"16km ESE of Little Lake, CA",earthquake,0.23,0.86,0.176,4,automatic,ci,ci
2019-08-11T12:12:33.498Z,64.8775,-151.2795,18.5,1,ml,,,,0.51,ak,ak019a9028k5,2019-08-11T12:15:49.252Z,"33km WSW of Manley Hot Springs, Alaska",earthquake,,0.3,,,automatic,ak,ak
2019-08-11T12:11:24.630Z,37.6476669,-118.9420013,4.72,0.63,md,7,118,0.01843,0.1,nc,nc73247586,2019-08-11T12:27:03.686Z,"4km ENE of Mammoth Lakes, CA",earthquake,2.51,5.44,0.18,7,automatic,nc,nc
2019-08-11T12:06:23.500Z,35.6725,-117.4873333,4.81,0.83,ml,16,122,0.05235,0.13,ci,ci38955336,2019-08-11T12:10:10.882Z,"13km SW of Searles Valley, CA",earthquake,0.31,0.46,0.086,10,automatic,ci,ci
2019-08-11T12:01:07.550Z,36.085,-117.8258333,1.65,0.97,ml,17,93,0.04012,0.19,ci,ci38955320,2019-08-11T12:04:45.120Z,"12km ENE of Coso Junction, CA",earthquake,0.36,0.37,0.121,14,automatic,ci,ci
2019-08-11T11:54:45.010Z,35.7946667,-117.6056667,3.21,0.9,ml,18,60,0.02205,0.19,ci,ci38955312,2019-08-11T11:58:15.813Z,"18km W of Searles Valley, CA",earthquake,0.39,0.68,0.153,10,automatic,ci,ci
2019-08-11T11:53:11.890Z,35.6468333,-117.5648333,8.65,1.77,ml,32,45,0.02498,0.2,ci,ci38955304,2019-08-11T12:04:07.210Z,"10km ENE of Ridgecrest, CA",earthquake,0.25,0.64,0.114,26,automatic,ci,ci
2019-08-11T11:51:53.510Z,35.0616667,-117.4491667,6.16,1.14,ml,5,212,0.4674,0.37,ci,ci38955296,2019-08-11T11:55:24.792Z,"20km ENE of Boron, CA",earthquake,9.5,26.01,0.433,6,automatic,ci,ci
2019-08-11T11:45:33.650Z,35.6643333,-117.456,1.34,1.64,ml,25,57,0.02633,0.17,ci,ci38955280,2019-08-11T11:56:02.580Z,"12km SSW of Searles Valley, CA",earthquake,0.24,0.39,0.203,26,automatic,ci,ci
2019-08-11T11:38:19.624Z,62.5581,-151.2918,87.3,1.1,ml,,,,0.44,ak,ak019a8zmcj4,2019-08-11T11:47:02.390Z,"66km WNW of Talkeetna, Alaska",earthquake,,0.7,,,automatic,ak,ak
2019-08-11T11:36:01.580Z,36.1403333,-117.8996667,3.71,0.77,ml,11,209,0.04279,0.22,ci,ci38955256,2019-08-11T11:39:32.385Z,"12km NNE of Coso Junction, CA",earthquake,1.08,0.81,0.203,6,automatic,ci,ci
2019-08-11T11:31:45.750Z,35.761,-117.5858333,2.93,1.29,ml,20,111,0.05544,0.18,ci,ci38955248,2019-08-11T11:35:30.667Z,"16km W of Searles Valley, CA",earthquake,0.31,0.61,0.146,19,automatic,ci,ci
2019-08-11T11:30:21.190Z,40.7353325,-121.4921646,8.53,2.24,md,12,129,0.08405,0.06,nc,nc73247566,2019-08-11T13:37:03.120Z,"22km SE of Burney, CA",earthquake,0.39,0.92,0.23,6,automatic,nc,nc
2019-08-11T11:29:38.650Z,35.3393333,-117.9085,2.19,0.94,ml,20,81,0.08819,0.28,ci,ci38955240,2019-08-11T11:33:15.652Z,"25km NNE of California City, CA",earthquake,0.51,1.24,0.153,15,automatic,ci,ci
2019-08-11T11:28:33.610Z,35.918,-117.7295,4.39,0.11,ml,8,99,0.07081,0.09,ci,ci38955232,2019-08-11T11:32:00.644Z,"16km E of Little Lake, CA",earthquake,0.29,1.88,0.045,2,automatic,ci,ci
2019-08-11T11:26:01.700Z,35.8253333,-117.6533333,4.06,1.16,ml,20,73,0.04637,0.18,ci,ci38955224,2019-08-11T11:29:44.630Z,"23km N of Ridgecrest, CA",earthquake,0.28,0.63,0.172,15,automatic,ci,ci
2019-08-11T11:23:57.530Z,35.6703333,-117.5066667,4.66,1.31,ml,22,92,0.06777,0.16,ci,ci38955216,2019-08-11T11:34:52.470Z,"14km SW of Searles Valley, CA",earthquake,0.26,0.56,0.139,17,automatic,ci,ci
2019-08-11T11:22:34.620Z,35.713,-117.554,6.84,1.16,ml,23,63,0.09159,0.2,ci,ci38955208,2019-08-11T11:26:14.030Z,"15km WSW of Searles Valley, CA",earthquake,0.31,0.88,0.166,13,automatic,ci,ci
2019-08-11T11:21:44.170Z,35.7041667,-117.585,3.21,1.85,ml,32,54,0.08296,0.16,ci,ci38955200,2019-08-11T11:32:49.020Z,"12km NE of Ridgecrest, CA",earthquake,0.19,0.6,0.155,26,automatic,ci,ci
2019-08-11T11:21:07.400Z,36.1308333,-117.8971667,8.55,0.9,ml,15,144,0.03672,0.09,ci,ci38955192,2019-08-11T11:24:35.833Z,"11km NNE of Coso Junction, CA",earthquake,0.31,0.4,0.286,9,automatic,ci,ci
2019-08-11T11:19:30.381Z,62.8995,-150.589,98.2,1.3,ml,,,,0.4,ak,ak019a8ziaq6,2019-08-11T11:23:15.691Z,"68km NNW of Talkeetna, Alaska",earthquake,,0.6,,,automatic,ak,ak
2019-08-11T11:18:55.700Z,38.8191681,-122.8191681,2.94,0.88,md,10,68,0.008263,0.02,nc,nc73247546,2019-08-11T11:33:04.810Z,"7km NW of The Geysers, CA",earthquake,0.48,1.31,,1,automatic,nc,nc
2019-08-11T11:14:29.640Z,33.323,-116.4181667,7.19,1.66,ml,60,53,0.05466,0.21,ci,ci38955184,2019-08-11T11:25:44.330Z,"8km NNW of Borrego Springs, CA",earthquake,0.24,0.85,0.192,27,automatic,ci,ci
2019-08-11T11:12:46.790Z,35.8933333,-117.6886667,2.32,0.64,ml,10,82,0.0627,0.15,ci,ci38955176,2019-08-11T11:16:29.970Z,"20km ESE of Little Lake, CA",earthquake,0.28,0.44,0.206,6,automatic,ci,ci
2019-08-11T11:10:52.480Z,36.1006667,-117.9073333,3.68,2.11,ml,27,59,0.04572,0.17,ci,ci38955168,2019-08-11T11:14:46.445Z,"7km NNE of Coso Junction, CA",earthquake,0.29,0.56,0.206,26,automatic,ci,ci
2019-08-11T11:10:40.160Z,36.1165,-117.902,0.27,1.33,ml,15,92,0.03818,0.15,ci,ci38955160,2019-08-11T11:14:26.557Z,"9km NNE of Coso Junction, CA",earthquake,0.36,0.5,0.152,17,automatic,ci,ci
2019-08-11T11:09:09.306Z,69.238,-144.7258,0,3.5,ml,,,,0.72,ak,ak019a8zg3za,2019-08-11T12:01:20.040Z,"108km SSW of Kaktovik, Alaska",earthquake,,152.7,,,automatic,ak,ak
2019-08-11T11:08:00.548Z,30.3935,94.8561,10,4.6,mb,,89,5.491,0.47,us,us600053pp,2019-08-11T11:58:42.040Z,"56km S of Domartang, China",earthquake,10.9,1.9,0.074,54,reviewed,us,us
2019-08-11T11:07:41.020Z,35.8926667,-117.6901667,12.29,0.37,ml,11,76,0.06388,0.15,ci,ci38955152,2019-08-11T11:11:14.430Z,"20km ESE of Little Lake, CA",earthquake,0.45,0.88,0.121,5,automatic,ci,ci
2019-08-11T11:06:32.730Z,35.6903333,-117.5185,4.1,0.53,ml,14,122,0.07964,0.15,ci,ci38955144,2019-08-11T11:10:08.417Z,"13km SW of Searles Valley, CA",earthquake,0.36,0.97,0.14,7,automatic,ci,ci
2019-08-11T11:04:36.960Z,36.192,-117.6476667,6.8,0.79,ml,10,179,0.1834,0.21,ci,ci38955136,2019-08-11T11:08:22.870Z,"32km ENE of Coso Junction, CA",earthquake,1.15,31.61,0.169,6,automatic,ci,ci
2019-08-11T11:01:52.830Z,32.8563333,-116.1855,5.65,1.13,ml,25,74,0.09832,0.2,ci,ci38955128,2019-08-11T11:05:36.311Z,"22km NW of Ocotillo, CA",earthquake,0.39,1.79,0.194,15,automatic,ci,ci
2019-08-11T11:00:10.268Z,6.7867,-72.9804,154.98,4.5,mb,,66,0.894,0.91,us,us600053pi,2019-08-11T11:14:45.040Z,"11km NNE of Aratoca, Colombia",earthquake,7.5,3.3,0.096,32,reviewed,us,us
2019-08-11T10:55:36.520Z,36.1663333,-118.0846667,1.21,2.03,ml,22,86,0.1923,0.17,ci,ci38955120,2019-08-11T10:59:34.276Z,"15km SSW of Olancha, CA",earthquake,0.26,1.31,0.251,25,automatic,ci,ci
2019-08-11T10:54:20.240Z,35.9745,-117.492,2.75,0.82,ml,8,208,0.08335,0.06,ci,ci38955112,2019-08-11T10:58:03.270Z,"24km NNW of Searles Valley, CA",earthquake,0.39,0.92,0.203,8,automatic,ci,ci
2019-08-11T10:53:48.470Z,38.8120003,-122.8223343,2.91,1.03,md,11,57,,0.04,nc,nc73247516,2019-08-11T11:10:04.389Z,"7km NW of The Geysers, CA",earthquake,0.4,1.07,0.11,2,automatic,nc,nc
2019-08-11T10:51:42.050Z,36.161,-117.8758333,2.99,0.95,ml,12,204,0.04654,0.27,ci,ci38955104,2019-08-11T10:55:27.624Z,"14km NNE of Coso Junction, CA",earthquake,0.92,1.36,0.14,10,automatic,ci,ci
2019-08-11T10:49:32.080Z,45.5585,-111.8756667,3.82,1.05,ml,14,56,0.177,0.1,mb,mb80356869,2019-08-11T13:30:49.000Z,"29km N of Virginia City, Montana",earthquake,0.25,2.39,0.045,3,reviewed,mb,mb
2019-08-11T10:49:01.560Z,35.8981667,-117.6858333,1.54,0.51,ml,10,80,0.05737,0.16,ci,ci38955096,2019-08-11T10:52:31.234Z,"20km ESE of Little Lake, CA",earthquake,0.3,0.68,0.077,6,automatic,ci,ci
2019-08-11T10:46:12.240Z,38.8424988,-122.87883,2.31,0.1,md,8,95,0.008354,0.02,nc,nc73247511,2019-08-11T12:37:03.748Z,"13km ENE of Cloverdale, CA",earthquake,0.48,0.4,0.01,2,automatic,nc,nc
2019-08-11T10:44:21.940Z,35.9496667,-117.4268333,10.45,0.9,ml,15,73,0.1193,0.29,ci,ci38955088,2019-08-11T10:48:08.328Z,"20km N of Searles Valley, CA",earthquake,0.73,1.58,0.181,9,automatic,ci,ci
2019-08-11T10:43:55.630Z,18.1106,-66.6248,23,1.26,md,4,163,0.058,0.17,pr,pr2019223003,2019-08-11T13:50:48.272Z,"10km NW of Coto Laurel, Puerto Rico",earthquake,1.01,1.58,0.01,3,reviewed,pr,pr
2019-08-11T10:42:57.310Z,35.6211667,-117.4465,2.47,1.28,ml,22,81,0.03688,0.21,ci,ci38955072,2019-08-11T10:46:37.189Z,"17km SSW of Searles Valley, CA",earthquake,0.28,0.36,0.156,18,automatic,ci,ci
2019-08-11T10:42:50.210Z,33.8933333,-116.879,15.23,0.55,ml,9,240,0.09036,0.07,ci,ci38955064,2019-08-11T10:46:22.189Z,"4km S of Banning, CA",earthquake,0.43,0.58,0.094,8,automatic,ci,ci
2019-08-11T10:39:31.220Z,35.926,-117.7035,3.7,0.69,ml,11,84,0.04833,0.06,ci,ci38955040,2019-08-11T10:43:15.174Z,"18km E of Little Lake, CA",earthquake,0.18,0.56,0.204,10,automatic,ci,ci
2019-08-11T10:39:21.970Z,36.4671669,-121.024498,8.03,2.29,md,27,94,0.02948,0.13,nc,nc73247506,2019-08-11T12:10:03.578Z,"13km SE of Pinnacles, CA",earthquake,0.34,0.68,0.18,29,automatic,nc,nc
2019-08-11T10:32:17.250Z,35.8806667,-117.6886667,5.81,0.25,ml,10,83,0.07394,0.19,ci,ci38955032,2019-08-11T10:35:47.133Z,"21km ESE of Little Lake, CA",earthquake,0.47,2.13,0.085,4,automatic,ci,ci
2019-08-11T10:29:06.654Z,51.8577,-173.0716,35.19,3.6,mb,,202,0.776,0.62,us,us600053pc,2019-08-11T10:55:13.040Z,"86km ESE of Atka, Alaska",earthquake,6.2,28,0.118,18,reviewed,us,us
2019-08-11T10:29:00.540Z,45.8598333,-111.3706667,6.03,0.83,ml,6,113,0.311,0.11,mb,mb80356864,2019-08-11T13:36:07.350Z,"2km W of Manhattan, Montana",earthquake,0.54,7.01,0.058,2,reviewed,mb,mb
2019-08-11T10:26:14.629Z,61.5304,-151.8951,0.9,1.3,ml,,,,0.59,ak,ak019a8yybxf,2019-08-11T10:30:12.998Z,"99km NNW of Nikiski, Alaska",earthquake,,0.3,,,automatic,ak,ak
2019-08-11T10:21:24.010Z,35.6198333,-117.465,2.78,0.81,ml,19,65,0.03026,0.18,ci,ci38955024,2019-08-11T10:24:57.064Z,"17km SSW of Searles Valley, CA",earthquake,0.23,0.27,0.09,9,automatic,ci,ci
2019-08-11T10:20:30.240Z,35.8765,-117.7046667,9.75,0.45,ml,8,106,0.0836,0.07,ci,ci38955016,2019-08-11T10:24:01.058Z,"19km ESE of Little Lake, CA",earthquake,0.28,0.88,0.118,6,automatic,ci,ci
2019-08-11T10:19:41.170Z,36.0101667,-117.6835,2.27,0.51,ml,9,125,0.06769,0.1,ci,ci38955008,2019-08-11T10:23:07.054Z,"22km ENE of Little Lake, CA",earthquake,0.41,0.29,0.143,5,automatic,ci,ci
2019-08-11T10:17:13.740Z,18.6483,-67.9655,83,2.25,md,5,184,0.5533,0.3,pr,pr2019223002,2019-08-11T13:50:06.736Z,"46km E of Punta Cana, Dominican Republic",earthquake,3.68,2.78,0.26,4,reviewed,pr,pr
2019-08-11T10:12:22.670Z,35.6816667,-117.4783333,6.29,1.52,ml,25,118,0.04746,0.2,ci,ci38955000,2019-08-11T10:16:05.006Z,"12km SW of Searles Valley, CA",earthquake,0.36,0.75,0.126,24,automatic,ci,ci
2019-08-11T10:10:22.840Z,35.8768333,-117.6901667,3.67,0.48,ml,10,83,0.07793,0.04,ci,ci38954992,2019-08-11T10:13:52.994Z,"21km ESE of Little Lake, CA",earthquake,0.17,1.03,0.106,6,automatic,ci,ci
2019-08-11T10:08:59.670Z,35.9998333,-117.5085,2.47,0.8,ml,14,141,0.06015,0.13,ci,ci38954984,2019-08-11T10:12:29.507Z,"28km NNW of Searles Valley, CA",earthquake,0.3,0.28,0.092,9,automatic,ci,ci
2019-08-11T10:07:24.560Z,35.7871667,-117.624,8.37,0.99,ml,17,88,0.03573,0.11,ci,ci38954976,2019-08-11T10:11:01.979Z,"19km NNE of Ridgecrest, CA",earthquake,0.22,0.51,0.113,12,automatic,ci,ci
2019-08-11T10:01:47.000Z,35.8718333,-117.7248333,7.28,0.55,ml,9,77,0.07103,0.12,ci,ci38954968,2019-08-11T10:05:14.951Z,"18km ESE of Little Lake, CA",earthquake,0.29,0.91,0.136,6,automatic,ci,ci
2019-08-11T10:00:29.340Z,63.2177,-150.9615,19.5,1.1,ml,,,,0.73,ak,ak019a8yssfq,2019-08-11T10:03:16.350Z,"102km W of Cantwell, Alaska",earthquake,,0.5,,,automatic,ak,ak
2019-08-11T09:57:53.910Z,35.343,-116.5906667,20,1.27,ml,6,341,0.6575,0.31,ci,ci38954960,2019-08-11T10:01:27.932Z,"12km NE of Fort Irwin, CA",earthquake,19.06,18.67,0.055,2,automatic,ci,ci
2019-08-11T09:54:47.890Z,35.6603333,-117.527,9.14,1.62,ml,24,82,0.05135,0.16,ci,ci38954952,2019-08-11T10:05:05.750Z,"14km ENE of Ridgecrest, CA",earthquake,0.26,0.6,0.178,27,automatic,ci,ci
2019-08-11T09:53:12.770Z,35.765,-117.5761667,5.7,0.86,ml,17,132,0.05352,0.19,ci,ci38954944,2019-08-11T09:56:56.904Z,"16km W of Searles Valley, CA",earthquake,0.38,1.14,0.116,10,automatic,ci,ci
2019-08-11T09:52:25.090Z,36.0661667,-117.851,2.2,0.63,ml,8,148,0.0514,0.11,ci,ci38954936,2019-08-11T09:56:03.183Z,"9km ENE of Coso Junction, CA",earthquake,0.31,0.36,0.202,4,automatic,ci,ci
2019-08-11T09:45:29.117Z,60.6397,-150.3793,41.9,1.5,ml,,,,0.51,ak,ak019a8yh01c,2019-08-11T10:03:15.969Z,"24km ENE of Sterling, Alaska",earthquake,,0.5,,,automatic,ak,ak
2019-08-11T09:39:41.060Z,35.71,-117.5855,4.96,0.7,ml,14,96,0.08878,0.13,ci,ci38954920,2019-08-11T09:43:19.815Z,"13km NE of Ridgecrest, CA",earthquake,0.35,0.56,0.108,8,automatic,ci,ci
2019-08-11T09:39:32.597Z,59.9773,-139.3272,0,1.9,ml,,,,0.86,ak,ak019a8yfq08,2019-08-11T09:42:59.976Z,"52km NNE of Yakutat, Alaska",earthquake,,0.3,,,automatic,ak,ak
2019-08-11T09:37:47.770Z,35.8461667,-117.6788333,13.66,0.49,ml,9,80,0.07273,0.21,ci,ci38954912,2019-08-11T09:41:26.603Z,"23km ESE of Little Lake, CA",earthquake,0.8,1.68,0.108,6,automatic,ci,ci
2019-08-11T09:36:31.900Z,35.651,-117.4875,5.12,1.14,ml,21,52,0.05144,0.24,ci,ci38954904,2019-08-11T09:40:10.123Z,"15km SSW of Searles Valley, CA",earthquake,0.39,0.71,0.171,15,automatic,ci,ci
2019-08-11T09:33:32.640Z,35.8726667,-117.6835,5.39,0.69,ml,11,83,0.07974,0.05,ci,ci38954896,2019-08-11T09:37:08.564Z,"21km ESE of Little Lake, CA",earthquake,0.18,0.65,0.114,10,automatic,ci,ci
2019-08-11T09:30:02.320Z,35.9163333,-117.7128333,1.48,0.61,ml,6,111,0.05968,0.09,ci,ci38954888,2019-08-11T09:33:36.748Z,"18km E of Little Lake, CA",earthquake,0.25,0.92,0.151,3,automatic,ci,ci
2019-08-11T09:25:01.340Z,35.8811667,-117.7165,4.82,1.27,ml,17,65,0.08243,0.21,ci,ci38954880,2019-08-11T09:28:48.743Z,"18km ESE of Little Lake, CA",earthquake,0.32,0.72,0.101,8,automatic,ci,ci
2019-08-11T09:24:04.330Z,36.0606667,-117.8578333,2.03,2.4,ml,32,53,0.05685,0.14,ci,ci38954872,2019-08-11T09:34:51.450Z,"8km ENE of Coso Junction, CA",earthquake,0.22,0.28,0.225,26,automatic,ci,ci
2019-08-11T09:22:44.400Z,36.0878333,-117.8456667,0.93,0.91,ml,10,141,0.0306,0.22,ci,ci38954864,2019-08-11T09:26:30.470Z,"10km ENE of Coso Junction, CA",earthquake,0.66,0.57,0.159,12,automatic,ci,ci
2019-08-11T09:19:54.350Z,35.892,-117.681,3.16,0.16,ml,9,83,0.06107,0.16,ci,ci38954856,2019-08-11T09:23:28.482Z,"21km ESE of Little Lake, CA",earthquake,0.38,2.41,0.074,4,automatic,ci,ci
2019-08-11T09:12:12.130Z,36.1531667,-117.9198333,1.01,1.5,ml,16,61,0.06346,0.21,ci,ci38954840,2019-08-11T09:16:01.607Z,"12km NNE of Coso Junction, CA",earthquake,0.42,0.74,0.228,22,automatic,ci,ci
2019-08-11T09:12:05.510Z,38.8071671,-122.8225021,3.45,0.24,md,7,90,,0.01,nc,nc73247456,2019-08-11T09:31:02.350Z,"7km WNW of The Geysers, CA",earthquake,0.59,1.07,0.21,2,automatic,nc,nc
2019-08-11T09:07:41.718Z,47.9727,155.0578,31.43,4.4,mb,,175,5.41,0.94,us,us600053p9,2019-08-11T09:53:14.040Z,"East of the Kuril Islands",earthquake,7.7,8.3,0.131,17,reviewed,us,us
2019-08-11T09:06:22.940Z,38.8381653,-122.8028336,1.67,0.56,md,10,75,0.009757,0.02,nc,nc73247451,2019-08-11T09:21:04.289Z,"7km WNW of Cobb, CA",earthquake,0.31,0.57,,1,automatic,nc,nc
2019-08-11T09:04:13.300Z,35.8108333,-117.6268333,2.82,1.2,ml,23,50,0.02433,0.15,ci,ci38954832,2019-08-11T09:07:53.568Z,"21km WNW of Searles Valley, CA",earthquake,0.23,0.31,0.127,16,automatic,ci,ci
2019-08-11T09:02:16.160Z,35.8318333,-117.6541667,7.02,0.62,ml,10,87,0.04876,0.18,ci,ci38954824,2019-08-11T09:05:50.149Z,"24km N of Ridgecrest, CA",earthquake,0.45,0.85,0.186,7,automatic,ci,ci
2019-08-11T09:00:25.670Z,35.8846667,-117.6816667,2.86,1,ml,17,81,0.06802,0.16,ci,ci38954816,2019-08-11T09:04:03.299Z,"21km ESE of Little Lake, CA",earthquake,0.27,0.47,0.13,12,automatic,ci,ci
2019-08-11T08:57:45.170Z,36.7053,-116.2903,5.9,0.1,ml,13,155.26,0.063,0.17,nn,nn00699431,2019-08-11T09:25:13.304Z,"47km ESE of Beatty, Nevada",earthquake,,0.8,,,automatic,nn,nn
2019-08-11T08:57:38.151Z,60.5785,-152.3501,86.7,1,ml,,,,0.57,ak,ak019a8xy5po,2019-08-11T09:02:10.744Z,"23km ENE of Redoubt Volcano, Alaska",earthquake,,0.7,,,automatic,ak,ak
2019-08-11T08:54:46.920Z,35.6708333,-117.523,11.27,0.74,ml,14,107,0.06149,0.19,ci,ci38954808,2019-08-11T08:58:30.513Z,"15km ENE of Ridgecrest, CA",earthquake,0.5,0.63,0.147,7,automatic,ci,ci
2019-08-11T08:49:13.440Z,19.3330002,-155.1808319,2.89,1.72,ml,48,156,0.04747,0.14,hv,hv71082987,2019-08-11T08:54:59.130Z,"12km SSE of Volcano, Hawaii",earthquake,0.33,0.88,2.72,6,automatic,hv,hv
2019-08-11T08:49:11.000Z,19.4029999,-155.2316742,4.09,1.71,md,21,121,0.01357,0.23,hv,hv71082982,2019-08-11T08:52:12.430Z,"3km SSE of Volcano, Hawaii",earthquake,0.55,0.87,0.11,7,automatic,hv,hv
2019-08-11T08:48:00.188Z,61.6296,-154.164,6.3,1.2,ml,,,,0.72,ak,ak019a8xw5ci,2019-08-11T08:53:47.995Z,"148km NNW of Redoubt Volcano, Alaska",earthquake,,0.4,,,automatic,ak,ak
2019-08-11T08:47:21.398Z,68.5372,-147.368,0,1.4,ml,,,,0.83,ak,ak019a8xvz9w,2019-08-11T08:52:06.529Z,"88km WNW of Arctic Village, Alaska",earthquake,,0.3,,,automatic,ak,ak
2019-08-11T08:47:01.143Z,63.5801,-147.4722,0,1.1,ml,,,,0.41,ak,ak019a8xvxpe,2019-08-11T08:52:06.942Z,"76km ENE of Cantwell, Alaska",earthquake,,0.9,,,automatic,ak,ak
2019-08-11T08:46:33.730Z,36.0518333,-117.8421667,1.43,1.12,ml,17,70,0.05886,0.25,ci,ci38954792,2019-08-11T08:50:15.460Z,"10km E of Coso Junction, CA",earthquake,0.46,0.57,0.182,17,automatic,ci,ci
2019-08-11T08:45:52.960Z,33.6661667,-116.7555,14.66,0.63,ml,21,67,0.05659,0.09,ci,ci38954784,2019-08-11T08:49:27.161Z,"9km SSW of Idyllwild, CA",earthquake,0.18,0.4,0.248,16,automatic,ci,ci
2019-08-11T08:40:15.540Z,36.1291667,-117.8946667,8.29,1.65,ml,25,58,0.03424,0.13,ci,ci38954776,2019-08-11T08:51:31.480Z,"10km NNE of Coso Junction, CA",earthquake,0.28,0.52,0.301,26,automatic,ci,ci
2019-08-11T08:38:26.066Z,61.0498,-152.4045,104.6,1.3,ml,,,,0.69,ak,ak019a8xu28b,2019-08-11T08:42:43.597Z,"65km NNE of Redoubt Volcano, Alaska",earthquake,,0.7,,,automatic,ak,ak
2019-08-11T08:35:32.360Z,35.8806667,-117.7103333,4.92,0.96,ml,19,67,0.08288,0.14,ci,ci38954768,2019-08-11T08:39:15.392Z,"19km ESE of Little Lake, CA",earthquake,0.24,0.49,0.179,14,automatic,ci,ci
2019-08-11T08:34:14.970Z,45.8683333,-111.3705,5.9,2,ml,15,87,0.303,0.19,mb,mb80356854,2019-08-11T13:13:19.510Z,"3km WNW of Manhattan, Montana",earthquake,0.5,6.09,0.074,9,reviewed,mb,mb
2019-08-11T08:29:27.650Z,35.884,-117.727,9.66,0.85,ml,9,81,0.08133,0.13,ci,ci38954760,2019-08-11T08:33:07.359Z,"17km ESE of Little Lake, CA",earthquake,0.51,1.47,0.114,9,automatic,ci,ci
2019-08-11T08:28:12.540Z,36.1715,-117.845,1.9,0.93,ml,9,278,0.0544,0.11,ci,ci38954752,2019-08-11T08:31:52.350Z,"17km NNE of Coso Junction, CA",earthquake,0.98,0.33,0.143,8,automatic,ci,ci
2019-08-11T08:24:53.360Z,35.6485,-117.4638333,2.59,0.78,ml,17,64,0.03666,0.15,ci,ci38954744,2019-08-11T08:28:36.330Z,"14km SSW of Searles Valley, CA",earthquake,0.24,0.3,0.095,9,automatic,ci,ci
2019-08-11T08:24:09.920Z,36.5783348,-121.1740036,1.47,2.77,md,39,65,0.01131,0.1,nc,nc73247436,2019-08-11T15:39:41.488Z,"6km NNW of Pinnacles, CA",earthquake,0.23,0.38,0.16,42,automatic,nc,nc
2019-08-11T08:23:07.330Z,35.7503333,-117.5691667,6.89,0.86,ml,15,132,0.06922,0.24,ci,ci38954736,2019-08-11T08:26:51.318Z,"15km W of Searles Valley, CA",earthquake,0.52,1.44,0.166,8,automatic,ci,ci
2019-08-11T08:20:54.100Z,37.5621681,-118.838501,-1.59,2.29,md,17,103,0.02879,0.04,nc,nc73247431,2019-08-11T10:44:03.007Z,"14km W of Toms Place, CA",earthquake,0.39,0.66,0.27,21,automatic,nc,nc
2019-08-11T08:19:59.885Z,52.0036,-170.8657,36.52,3.6,mb,,205,1.013,1.11,us,us600053nt,2019-08-11T08:36:51.040Z,"60km SSE of Amukta Island, Alaska",earthquake,8.8,27,0.144,12,reviewed,us,us
2019-08-11T08:11:33.580Z,35.8298333,-117.6561667,6.64,1.05,ml,18,76,0.0497,0.2,ci,ci38954712,2019-08-11T08:15:16.247Z,"23km N of Ridgecrest, CA",earthquake,0.33,0.72,0.136,15,automatic,ci,ci
2019-08-11T08:08:02.643Z,65.7185,-157.0331,55.3,2.3,ml,,,,0.59,ak,ak019a8xnhb9,2019-08-11T08:13:16.464Z,"130km NNW of Ruby, Alaska",earthquake,,0.8,,,automatic,ak,ak
2019-08-11T08:06:15.780Z,35.7765,-117.6118333,7.59,0.9,ml,19,106,0.04085,0.18,ci,ci38954704,2019-08-11T08:09:56.219Z,"18km NNE of Ridgecrest, CA",earthquake,0.39,0.81,0.244,10,automatic,ci,ci
2019-08-11T08:06:08.250Z,38.8063316,-122.7829971,0.58,0.87,md,9,98,0.007149,0.02,nc,nc73247426,2019-08-11T08:29:03.234Z,"4km NW of The Geysers, CA",earthquake,0.48,0.73,,1,automatic,nc,nc
2019-08-11T08:03:16.360Z,35.7718333,-117.5416667,2.32,0.62,ml,12,165,0.06309,0.19,ci,ci38954696,2019-08-11T08:06:50.204Z,"12km W of Searles Valley, CA",earthquake,0.57,0.61,0.124,8,automatic,ci,ci
2019-08-11T08:02:41.710Z,37.6401672,-118.944664,4.45,0.85,md,10,96,0.02594,0.01,nc,nc73247421,2019-08-11T08:19:02.952Z,"3km E of Mammoth Lakes, CA",earthquake,1.05,2.54,0.12,9,automatic,nc,nc
2019-08-11T08:01:51.105Z,58.6055,-152.6251,71.6,2.2,ml,,,,0.33,ak,ak019a8xm6l7,2019-08-11T08:06:54.347Z,"91km N of Kodiak, Alaska",earthquake,,0.7,,,automatic,ak,ak
2019-08-11T07:59:15.380Z,35.6161667,-117.3871667,1.81,1.08,ml,20,118,0.06794,0.21,ci,ci38954688,2019-08-11T08:02:44.892Z,"16km S of Trona, CA",earthquake,0.39,0.52,0.085,14,automatic,ci,ci
2019-08-11T07:53:31.740Z,35.891,-117.7461667,0.04,0.33,ml,11,81,0.08366,0.29,ci,ci38954672,2019-08-11T07:57:31.140Z,"15km ESE of Little Lake, CA",earthquake,0.56,31.61,0.115,3,automatic,ci,ci
2019-08-11T07:48:58.750Z,36.1025,-117.9081667,6.16,0.73,ml,9,216,0.04571,0.26,ci,ci38954656,2019-08-11T07:52:34.109Z,"7km NNE of Coso Junction, CA",earthquake,1.19,1.76,0.153,4,automatic,ci,ci
2019-08-11T07:42:03.260Z,35.6895,-117.5016667,7.75,0.88,ml,14,192,0.08688,0.14,ci,ci38954648,2019-08-11T07:45:46.069Z,"12km SW of Searles Valley, CA",earthquake,0.64,1.32,0.157,10,automatic,ci,ci
2019-08-11T07:41:25.880Z,-25.0053,-70.938,29.88,4,mwr,,164,0.615,0.71,us,us600053ne,2019-08-11T08:22:41.040Z,"63km NW of Taltal, Chile",earthquake,4.1,5.3,0.047,43,reviewed,us,us
2019-08-11T07:35:25.510Z,35.625,-117.4493333,4.62,1.29,ml,22,78,0.03982,0.16,ci,ci38954640,2019-08-11T07:39:08.033Z,"16km SSW of Searles Valley, CA",earthquake,0.28,0.4,0.137,17,automatic,ci,ci
2019-08-11T07:31:06.420Z,35.9653333,-117.3438333,4.04,0.61,ml,8,216,0.1497,0.1,ci,ci38954632,2019-08-11T07:34:50.772Z,"23km N of Trona, CA",earthquake,0.51,0.94,0.111,5,automatic,ci,ci
2019-08-11T07:26:20.370Z,38.9237,-99.1653,5,3,mb_lg,,235,0.459,0.54,us,us600053n5,2019-08-11T13:44:52.006Z,"8km N of Victoria, Kansas",earthquake,3.8,2,0.045,129,reviewed,us,us
2019-08-11T07:22:56.930Z,36.0838333,-117.8403333,2.16,0.91,ml,10,113,0.03567,0.21,ci,ci38954624,2019-08-11T07:26:41.514Z,"11km ENE of Coso Junction, CA",earthquake,0.44,0.38,0.189,9,automatic,ci,ci
2019-08-11T07:22:24.120Z,46.8868333,-112.535,11.71,0.94,ml,13,108,0.108,0.15,mb,mb80356844,2019-08-11T13:50:26.220Z,"13km SE of Lincoln, Montana",earthquake,0.6,0.66,0.195,2,reviewed,mb,mb
2019-08-11T07:21:00.265Z,-17.8427,-178.511,593.85,4.4,mb,,84,3.275,0.82,us,us600053na,2019-08-11T07:43:40.040Z,"274km SE of Lambasa, Fiji",earthquake,8.8,8.3,0.031,294,reviewed,us,us
2019-08-11T07:15:17.630Z,38.8214989,-122.795166,2.49,1.17,md,25,53,,0.05,nc,nc73247411,2019-08-11T10:29:02.919Z,"6km NW of The Geysers, CA",earthquake,0.25,0.43,0.2,7,automatic,nc,nc
2019-08-11T07:07:56.390Z,62.9872,-151.0573,108.3,1,ml,,,,0.67,ak,ak019a8x21l6,2019-08-11T07:11:50.919Z,"88km NNW of Talkeetna, Alaska",earthquake,,1.2,,,automatic,ak,ak
2019-08-11T07:05:10.790Z,35.6165,-117.4796667,7.24,0.9,ml,12,77,0.0199,0.18,ci,ci38954608,2019-08-11T07:08:50.069Z,"18km E of Ridgecrest, CA",earthquake,0.55,0.75,0.155,6,automatic,ci,ci
2019-08-11T07:02:58.610Z,35.8481667,-117.6795,9.36,1.44,ml,22,80,0.07407,0.14,ci,ci38954600,2019-08-11T07:13:58.530Z,"23km ESE of Little Lake, CA",earthquake,0.22,0.57,0.163,20,automatic,ci,ci
2019-08-11T07:02:50.148Z,34.3345,24.9824,10,5,mb,,96,0.954,1.1,us,us600053n2,2019-08-11T07:32:01.475Z,"75km SSW of Pirgos, Greece",earthquake,6.6,1.7,0.053,113,reviewed,us,us
2019-08-11T06:52:54.110Z,35.9143333,-117.7175,4.57,1.42,ml,20,117,0.08852,0.18,ci,ci38954568,2019-08-11T06:56:33.450Z,"17km E of Little Lake, CA",earthquake,0.36,0.64,0.193,18,automatic,ci,ci
2019-08-11T06:52:36.610Z,36.0526667,-117.8598333,2.26,1.28,ml,13,130,0.05122,0.13,ci,ci38954560,2019-08-11T06:56:12.930Z,"8km E of Coso Junction, CA",earthquake,0.29,0.22,0.177,17,automatic,ci,ci
2019-08-11T06:49:05.160Z,35.898,-117.733,12.05,0.99,ml,9,150,0.08576,0.22,ci,ci38954552,2019-08-11T06:52:42.426Z,"16km ESE of Little Lake, CA",earthquake,0.83,1.4,0.111,8,automatic,ci,ci
2019-08-11T06:47:07.010Z,35.6426667,-117.5433333,4.74,1.19,ml,20,90,0.0294,0.18,ci,ci38954544,2019-08-11T06:50:46.413Z,"12km ENE of Ridgecrest, CA",earthquake,0.31,0.44,0.133,13,automatic,ci,ci
2019-08-11T06:44:37.708Z,64.1921,-150.4181,8.8,1,ml,,,,0.73,ak,ak019a8woi62,2019-08-11T06:52:06.062Z,"76km SW of North Nenana, Alaska",earthquake,,0.3,,,automatic,ak,ak
2019-08-11T06:43:05.600Z,33.0045,-116.3385,9.99,0.79,ml,21,100,0.06883,0.21,ci,ci38954536,2019-08-11T06:46:40.389Z,"25km SW of Ocotillo Wells, CA",earthquake,0.39,0.85,0.301,12,automatic,ci,ci
2019-08-11T06:40:26.600Z,17.9075,-66.6043,13,1.88,md,10,196,0.1353,0.16,pr,pr2019223001,2019-08-11T08:00:57.165Z,"11km S of Ponce, Puerto Rico",earthquake,0.57,0.39,0.45,9,reviewed,pr,pr
2019-08-11T06:38:09.311Z,62.6518,-149.5038,55.3,2.1,ml,,,,0.68,ak,ak019a8wn5nm,2019-08-11T06:42:32.758Z,"48km NE of Talkeetna, Alaska",earthquake,,1,,,automatic,ak,ak
2019-08-11T06:34:57.930Z,37.644165,-118.9469986,5.5,1.25,md,14,73,0.02258,0.02,nc,nc73247371,2019-08-11T09:19:03.278Z,"3km ENE of Mammoth Lakes, CA",earthquake,0.74,1.71,0.23,13,automatic,nc,nc
2019-08-11T06:34:51.640Z,34.0495,-117.253,15.89,0.91,ml,23,90,0.116,0.18,ci,ci38954528,2019-08-11T06:38:33.293Z,"1km E of Loma Linda, CA",earthquake,0.37,0.82,0.156,20,automatic,ci,ci
2019-08-11T06:32:07.140Z,39.6694984,-122.5683365,3.47,2.25,md,10,155,0.378,0.13,nc,nc73247366,2019-08-11T08:53:03.138Z,"10km NNW of Stony Gorge Reservoir, CA",earthquake,3.67,9.55,,1,automatic,nc,nc
2019-08-11T06:30:09.410Z,35.8825,-117.728,2.66,1.27,ml,20,127,0.07963,0.2,ci,ci38954512,2019-08-11T06:33:54.711Z,"17km ESE of Little Lake, CA",earthquake,0.34,0.53,0.093,15,automatic,ci,ci
2019-08-11T06:28:17.994Z,60.1239,-141.1159,6,1.3,ml,,,,1,ak,ak019a8wl16v,2019-08-11T06:33:09.954Z,"73km E of Cape Yakataga, Alaska",earthquake,,0.2,,,automatic,ak,ak
2019-08-11T06:25:07.150Z,33.8701667,-116.5471667,12.86,1.3,ml,44,84,0.04619,0.2,ci,ci38954504,2019-08-11T06:28:47.677Z,"4km S of Garnet, CA",earthquake,0.23,0.59,0.147,28,automatic,ci,ci
2019-08-11T06:17:53.840Z,35.6155,-117.4756667,1.87,1.63,ml,24,45,0.02105,0.21,ci,ci38954488,2019-08-11T06:28:41.240Z,"18km SSW of Searles Valley, CA",earthquake,0.32,0.42,0.171,24,automatic,ci,ci
2019-08-11T06:09:51.320Z,19.371666,-155.039505,2.1,1.74,ml,41,190,0.04544,0.3,hv,hv71082832,2019-08-11T06:15:31.950Z,"16km SW of Leilani Estates, Hawaii",earthquake,0.67,0.59,0.22,4,automatic,hv,hv
2019-08-11T06:08:34.710Z,36.163,-117.9155,4.59,0.92,ml,11,274,0.06681,0.24,ci,ci38954480,2019-08-11T06:12:05.992Z,"13km NNE of Coso Junction, CA",earthquake,2.2,31.61,0.326,10,automatic,ci,ci
2019-08-11T05:58:04.920Z,36.0911667,-117.8276667,1.37,1.69,ml,22,50,0.03435,0.16,ci,ci38954464,2019-08-11T06:01:50.509Z,"12km ENE of Coso Junction, CA",earthquake,0.28,0.4,0.138,25,automatic,ci,ci
2019-08-11T05:55:53.513Z,59.2034,-153.4195,91.8,1.2,ml,,,,0.69,ak,ak019a8w5gnr,2019-08-11T06:02:01.983Z,"104km SE of Old Iliamna, Alaska",earthquake,,0.5,,,automatic,ak,ak
2019-08-11T05:55:48.380Z,40.1151657,-122.245163,25.87,2.49,md,4,214,0.1307,0,nc,nc73247341,2019-08-11T07:57:03.825Z,"7km S of Red Bluff, CA",earthquake,3.26,4.19,,1,automatic,nc,nc
2019-08-11T05:55:39.750Z,35.7015,-117.503,6.88,1.45,ml,24,118,0.07408,0.13,ci,ci38954456,2019-08-11T06:06:33.320Z,"12km SW of Searles Valley, CA",earthquake,0.25,0.54,0.223,21,automatic,ci,ci
2019-08-11T05:52:48.940Z,36.1145,-117.9048333,6.32,0.86,ml,11,210,0.04058,0.2,ci,ci38954448,2019-08-11T05:56:17.474Z,"9km NNE of Coso Junction, CA",earthquake,0.91,0.96,0.199,7,automatic,ci,ci
2019-08-11T05:52:06.151Z,58.8529,-157.3874,1.5,3.3,ml,,,,0.65,ak,ak019a8w4pw6,2019-08-11T06:15:22.040Z,"45km WNW of King Salmon, Alaska",earthquake,,0.3,,,automatic,ak,ak
2019-08-11T05:42:20.800Z,19.3111668,-155.2138367,6.43,2.59,ml,54,137,0.03148,0.13,hv,hv71082807,2019-08-11T06:02:19.040Z,"13km S of Volcano, Hawaii",earthquake,0.32,0.39,2.84,37,automatic,hv,hv
2019-08-11T05:40:30.911Z,64.379,-149.7124,20.5,0.9,ml,,,,1.1,ak,ak019a8w273k,2019-08-11T05:49:05.937Z,"36km SW of North Nenana, Alaska",earthquake,,0.5,,,automatic,ak,ak
2019-08-11T05:40:12.990Z,35.855,-117.6848333,8.1,0.89,ml,13,79,0.08105,0.12,ci,ci38954416,2019-08-11T05:43:57.022Z,"22km ESE of Little Lake, CA",earthquake,0.34,1.04,0.181,9,automatic,ci,ci
2019-08-11T05:40:06.100Z,38.8209991,-122.7969971,2.09,0.87,md,17,49,,0.05,nc,nc73247331,2019-08-11T05:54:02.754Z,"6km NW of The Geysers, CA",earthquake,0.24,0.51,0.06,3,automatic,nc,nc
2019-08-11T05:38:31.630Z,35.7055,-117.5473333,9.98,1.63,ml,24,104,0.08515,0.19,ci,ci38954408,2019-08-11T05:42:22.441Z,"15km WSW of Searles Valley, CA",earthquake,0.31,0.68,0.182,26,automatic,ci,ci
2019-08-11T05:33:54.810Z,35.6653333,-117.4866667,5.71,0.95,ml,13,109,0.05129,0.21,ci,ci38954400,2019-08-11T05:37:24.855Z,"14km SSW of Searles Valley, CA",earthquake,0.53,1.12,0.133,7,automatic,ci,ci
2019-08-11T05:31:04.660Z,35.6858333,-117.5328333,10.48,1.6,ml,25,98,0.07018,0.15,ci,ci38954392,2019-08-11T05:42:00.420Z,"15km SW of Searles Valley, CA",earthquake,0.24,0.49,0.17,25,automatic,ci,ci
2019-08-11T05:27:17.810Z,35.8395,-117.651,5.84,0.76,ml,11,87,0.04951,0.22,ci,ci38954384,2019-08-11T05:31:01.820Z,"24km WNW of Searles Valley, CA",earthquake,0.6,1.68,0.198,8,automatic,ci,ci
2019-08-11T05:24:39.630Z,35.4431667,-116.8725,0.23,1.46,ml,7,315,0.3178,0.26,ci,ci38954376,2019-08-11T05:28:45.801Z,"26km NW of Fort Irwin, CA",earthquake,17.41,31.61,0.189,7,automatic,ci,ci
2019-08-11T05:23:37.190Z,35.8796667,-117.6983333,8.31,0.8,ml,11,73,0.07843,0.14,ci,ci38954368,2019-08-11T05:27:20.790Z,"20km ESE of Little Lake, CA",earthquake,0.32,1.01,0.237,7,automatic,ci,ci
2019-08-11T05:20:21.120Z,36.0335,-117.6435,1.01,0.84,ml,17,72,0.0856,0.13,ci,ci38954360,2019-08-11T05:23:54.915Z,"26km ENE of Little Lake, CA",earthquake,0.23,0.41,0.144,7,automatic,ci,ci
2019-08-11T05:17:59.140Z,35.6623333,-117.4721667,29.81,0.87,ml,8,171,0.0761,0.2,ci,ci38954352,2019-08-11T05:21:28.748Z,"13km SSW of Searles Valley, CA",earthquake,2.6,1.23,0.191,7,automatic,ci,ci
2019-08-11T05:11:20.738Z,57.8903,-137.8075,8.4,2.9,ml,,,,0.61,ak,ak019a8vvyr9,2019-08-11T05:27:19.040Z,"125km WSW of Gustavus, Alaska",earthquake,,0.4,,,automatic,ak,ak
2019-08-11T05:04:52.080Z,35.6771667,-117.4698333,13.47,1.26,ml,8,152,0.1729,0.21,ci,ci38954336,2019-08-11T05:08:33.344Z,"12km SSW of Searles Valley, CA",earthquake,1.13,3.9,0.244,7,automatic,ci,ci
2019-08-11T05:02:59.880Z,35.8941667,-117.7286667,4.22,0.84,ml,13,73,0.08314,0.13,ci,ci38954328,2019-08-11T05:06:46.739Z,"17km ESE of Little Lake, CA",earthquake,0.25,0.64,0.176,11,automatic,ci,ci
2019-08-11T05:02:13.520Z,35.8065,-117.6313333,3.89,0.85,ml,13,111,0.029,0.25,ci,ci38954312,2019-08-11T05:06:00.435Z,"21km WNW of Searles Valley, CA",earthquake,0.58,0.99,0.198,8,automatic,ci,ci
2019-08-11T05:01:14.393Z,62.1973,-150.0918,19.9,0.9,ml,,,,0.53,ak,ak019a8vtsz3,2019-08-11T05:04:49.328Z,"13km WNW of Y, Alaska",earthquake,,0.3,,,automatic,ak,ak
2019-08-11T04:59:31.290Z,38.8181648,-122.8218307,2.74,0.83,md,14,77,,0.05,nc,nc73247296,2019-08-11T05:14:03.499Z,"7km NW of The Geysers, CA",earthquake,0.39,0.89,0.05,3,automatic,nc,nc
2019-08-11T04:52:38.249Z,9.3314,126.0341,59.58,4.6,mb,,84,2.291,1.35,us,us600053mn,2019-08-11T05:11:51.040Z,"6km E of Cantilan, Philippines",earthquake,10,7.4,0.051,114,reviewed,us,us
2019-08-11T04:47:35.640Z,32.8606667,-116.1773333,3.76,0.8,ml,17,67,0.1771,0.25,ci,ci38954296,2019-08-11T04:51:10.064Z,"22km NW of Ocotillo, CA",earthquake,0.53,2.02,0.146,7,automatic,ci,ci
2019-08-11T04:47:02.300Z,35.9165,-117.6853333,1.26,1.09,ml,11,124,0.1123,0.16,ci,ci38954288,2019-08-11T04:50:52.732Z,"20km E of Little Lake, CA",earthquake,0.43,0.55,0.195,7,automatic,ci,ci
2019-08-11T04:45:56.780Z,35.5926667,-117.4233333,3,1.63,ml,19,91,0.03227,0.24,ci,ci38954280,2019-08-11T04:49:39.968Z,"20km SSW of Trona, CA",earthquake,0.44,0.39,0.154,25,automatic,ci,ci
2019-08-11T04:42:12.330Z,36.0376667,-117.6371667,-0.16,1.32,ml,15,139,0.1497,0.14,ci,ci38954264,2019-08-11T04:45:59.807Z,"27km ENE of Little Lake, CA",earthquake,0.33,31.61,0.093,18,automatic,ci,ci
2019-08-11T04:39:03.093Z,-7.1918,102.9604,10,5.3,mb,,70,2.812,1.02,us,us600053ml,2019-08-11T05:00:46.234Z,"237km SSW of Biha, Indonesia",earthquake,7.8,1.9,0.079,54,reviewed,us,us
2019-08-11T04:36:37.946Z,-8.7615,-74.5075,147.95,4.5,mb,,106,2.057,0.54,us,us600053mk,2019-08-11T06:40:41.012Z,"42km S of Pucallpa, Peru",earthquake,6.5,9.6,0.05,116,reviewed,us,us
2019-08-11T04:32:31.450Z,35.6865,-117.5485,6.99,1.35,ml,19,104,0.06647,0.12,ci,ci38954232,2019-08-11T04:36:15.437Z,"14km ENE of Ridgecrest, CA",earthquake,0.3,0.53,0.141,17,automatic,ci,ci
2019-08-11T04:31:34.060Z,35.884,-117.6768333,9.52,0.68,ml,10,179,0.09377,0.14,ci,ci38954216,2019-08-11T04:35:14.710Z,"22km ESE of Little Lake, CA",earthquake,0.58,0.92,0.066,4,automatic,ci,ci
2019-08-11T04:23:14.570Z,35.5588333,-117.4191667,3.15,0.98,ml,16,75,0.04464,0.22,ci,ci38954200,2019-08-11T04:26:56.660Z,"23km S of Trona, CA",earthquake,0.42,0.4,0.207,11,automatic,ci,ci
2019-08-11T04:20:16.080Z,35.9255,-117.4266667,0.24,1,ml,10,182,0.1768,0.11,ci,ci38954192,2019-08-11T04:24:09.981Z,"18km N of Searles Valley, CA",earthquake,0.4,31.61,0.087,6,automatic,ci,ci
2019-08-11T04:17:15.048Z,61.3065,-150.3381,41.5,1.4,ml,,,,0.55,ak,ak019a8vbsvo,2019-08-11T04:23:29.741Z,"25km WNW of Anchorage, Alaska",earthquake,,0.6,,,automatic,ak,ak
2019-08-11T04:16:53.160Z,36.0315,-117.6353333,-0.16,2.44,ml,25,110,0.1489,0.19,ci,ci38954184,2019-08-11T04:20:52.625Z,"27km ENE of Little Lake, CA",earthquake,0.33,31.61,0.126,25,automatic,ci,ci
2019-08-11T04:16:30.030Z,35.6623333,-117.5275,8.95,1.18,ml,20,108,0.05258,0.19,ci,ci38954176,2019-08-11T04:20:08.623Z,"14km ENE of Ridgecrest, CA",earthquake,0.43,0.73,0.193,11,automatic,ci,ci
2019-08-11T04:13:24.710Z,38.8041649,-122.7923355,1.37,0.54,md,8,72,0.004449,0.02,nc,nc73247261,2019-08-11T04:34:03.450Z,"4km NW of The Geysers, CA",earthquake,0.46,0.7,,1,automatic,nc,nc
2019-08-11T04:10:26.780Z,36.1068333,-117.907,4.81,1.49,ml,17,139,0.04356,0.16,ci,ci38954168,2019-08-11T04:14:15.591Z,"8km NNE of Coso Junction, CA",earthquake,0.37,0.79,0.095,16,automatic,ci,ci
2019-08-11T04:08:11.180Z,37.6559982,-118.9061661,-0.82,1.25,md,8,176,0.001168,0.03,nc,nc73247256,2019-08-11T07:12:02.223Z,"7km ENE of Mammoth Lakes, CA",earthquake,0.81,0.22,0.22,8,automatic,nc,nc
2019-08-11T04:07:33.010Z,35.6728333,-117.5268333,9.67,1.17,ml,21,91,0.06127,0.17,ci,ci38954160,2019-08-11T04:11:15.213Z,"15km ENE of Ridgecrest, CA",earthquake,0.34,0.65,0.206,14,automatic,ci,ci
2019-08-11T04:06:33.590Z,35.796,-117.5885,14.94,0.79,ml,7,149,0.02102,0.15,ci,ci38954152,2019-08-11T04:10:10.005Z,"17km W of Searles Valley, CA",earthquake,0.76,1.02,0.492,6,automatic,ci,ci
2019-08-11T04:05:07.406Z,60.488,-152.4695,88.7,1.1,ml,,,,0.32,ak,ak019a8v9308,2019-08-11T05:45:13.845Z,"15km E of Redoubt Volcano, Alaska",earthquake,,0.8,,,reviewed,ak,ak
2019-08-11T04:01:55.410Z,35.9115,-117.4521667,-0.06,0.84,ml,14,168,0.1238,0.23,ci,ci38954144,2019-08-11T04:05:29.971Z,"17km NNW of Searles Valley, CA",earthquake,0.47,31.61,0.119,8,automatic,ci,ci
2019-08-11T03:57:18.960Z,35.7796667,-117.6056667,7.87,1.51,ml,24,108,0.0366,0.17,ci,ci38954136,2019-08-11T04:08:16.340Z,"18km W of Searles Valley, CA",earthquake,0.27,0.67,0.17,24,automatic,ci,ci
2019-08-11T03:45:19.350Z,35.6526667,-117.4686667,7.16,1.07,ml,15,73,0.03869,0.16,ci,ci38954112,2019-08-11T03:49:04.500Z,"14km SSW of Searles Valley, CA",earthquake,0.37,0.56,0.153,7,automatic,ci,ci
2019-08-11T03:43:07.700Z,36.1538333,-117.9276667,3.04,2.42,ml,24,62,0.06916,0.16,ci,ci38954104,2019-08-11T03:54:08.340Z,"12km N of Coso Junction, CA",earthquake,0.28,1.22,0.184,25,automatic,ci,ci
2019-08-11T03:41:23.390Z,35.8751667,-117.7121667,2.86,1.14,ml,18,66,0.07907,0.18,ci,ci38954096,2019-08-11T03:45:01.844Z,"19km ESE of Little Lake, CA",earthquake,0.26,0.5,0.141,13,automatic,ci,ci
2019-08-11T03:39:30.720Z,35.763,-117.5686667,1.45,1.54,ml,21,128,0.1407,0.17,ci,ci38954088,2019-08-11T03:50:36.130Z,"15km W of Searles Valley, CA",earthquake,0.29,0.44,0.14,23,automatic,ci,ci
2019-08-11T03:36:42.490Z,40.0431671,-123.7365036,15.35,1.78,md,10,126,0.1408,0.08,nc,nc73247226,2019-08-11T06:30:01.973Z,"11km SE of Redway, CA",earthquake,0.72,1.16,0.1,3,automatic,nc,nc
2019-08-11T03:31:59.592Z,60.1513,-141.3597,4.7,1.5,ml,,,,0.78,ak,ak019a8utgqf,2019-08-11T05:37:51.225Z,"60km E of Cape Yakataga, Alaska",ice quake,,0.4,,,automatic,ak,ak
2019-08-11T03:29:20.413Z,41.6466,46.6471,10,4.3,mb,,87,2.08,0.82,us,us600053lr,2019-08-11T04:00:20.040Z,"1km NNE of Zaqatala, Azerbaijan",earthquake,8,1.9,0.096,31,reviewed,us,us
2019-08-11T03:27:19.020Z,38.8008347,-122.8294983,2.83,0.32,md,11,78,,0.03,nc,nc73247216,2019-08-11T03:58:02.886Z,"7km WNW of The Geysers, CA",earthquake,0.42,0.92,0.24,2,automatic,nc,nc
2019-08-11T03:25:39.766Z,63.1321,-149.315,0,1.9,ml,,,,0.64,ak,ak019a8us4vf,2019-08-11T03:29:25.764Z,"34km SSW of Cantwell, Alaska",earthquake,,0.3,,,automatic,ak,ak
2019-08-11T03:24:52.171Z,59.4579,-152.3878,63.1,1.5,ml,,,,0.41,ak,ak019a8ury50,2019-08-11T03:29:25.325Z,"47km SW of Anchor Point, Alaska",earthquake,,0.8,,,automatic,ak,ak
2019-08-11T03:23:06.120Z,35.708,-117.5503333,9.27,1.24,ml,18,115,0.08713,0.18,ci,ci38954080,2019-08-11T03:26:43.647Z,"15km WSW of Searles Valley, CA",earthquake,0.43,0.76,0.173,13,automatic,ci,ci
2019-08-11T03:22:39.286Z,62.1851,-151.2014,82.4,1.6,ml,,,,0.42,ak,ak019a8urhpx,2019-08-11T03:31:06.460Z,"58km WSW of Talkeetna, Alaska",earthquake,,0.8,,,automatic,ak,ak
2019-08-11T03:21:23.310Z,37.6008339,-118.7926636,6.23,1.61,md,19,107,0.03089,0.03,nc,nc73247211,2019-08-11T06:03:03.815Z,"11km WNW of Toms Place, CA",earthquake,0.42,0.54,0.14,16,automatic,nc,nc
2019-08-11T03:21:18.610Z,35.7635,-117.5886667,0.41,1.54,ml,21,125,0.05262,0.18,ci,ci38954072,2019-08-11T03:32:30.070Z,"17km W of Searles Valley, CA",earthquake,0.35,31.61,0.129,21,automatic,ci,ci
2019-08-11T03:17:45.831Z,47.9206,156.1619,10,4.5,mb,,173,5.285,0.53,us,us600053ll,2019-08-11T03:50:52.040Z,"East of the Kuril Islands",earthquake,10.9,1.9,0.093,34,reviewed,us,us
2019-08-11T03:09:40.160Z,35.898,-117.6775,8.13,0.67,ml,12,91,0.07212,0.15,ci,ci38954048,2019-08-11T03:13:27.557Z,"21km ESE of Little Lake, CA",earthquake,0.47,0.92,0.217,4,automatic,ci,ci
2019-08-11T03:07:29.956Z,64.5972,-156.8169,17.8,1.4,ml,,,,0.96,ak,ak019a8uo99f,2019-08-11T03:13:20.185Z,"65km WSW of Ruby, Alaska",earthquake,,0.2,,,automatic,ak,ak
2019-08-11T03:04:19.750Z,35.6325,-117.4375,2.61,1.52,ml,24,55,0.03444,0.19,ci,ci38954040,2019-08-11T03:08:11.522Z,"15km SSW of Searles Valley, CA",earthquake,0.3,0.33,0.151,23,automatic,ci,ci
2019-08-11T03:01:43.480Z,35.7828333,-117.6323333,8.22,0.99,ml,17,84,0.04335,0.18,ci,ci38954032,2019-08-11T03:05:33.512Z,"18km NNE of Ridgecrest, CA",earthquake,0.42,0.72,0.186,8,automatic,ci,ci
2019-08-11T02:48:08.510Z,35.5646667,-117.3985,3.05,1.3,ml,18,82,0.04835,0.19,ci,ci38954024,2019-08-11T02:52:26.447Z,"22km S of Trona, CA",earthquake,0.35,0.28,0.143,15,automatic,ci,ci
2019-08-11T02:45:30.040Z,35.5666667,-117.3968333,3,1.96,ml,29,83,0.04926,0.17,ci,ci38954016,2019-08-11T02:56:16.890Z,"22km S of Trona, CA",earthquake,0.2,0.25,0.182,26,automatic,ci,ci
2019-08-11T02:43:20.910Z,35.678,-117.488,1.48,0.99,ml,18,103,0.05392,0.22,ci,ci38953992,2019-08-11T02:47:05.532Z,"12km SW of Searles Valley, CA",earthquake,0.42,0.66,0.084,9,automatic,ci,ci
2019-08-11T02:38:34.960Z,19.4228325,-155.2448273,0.25,1.71,ml,22,140,0.009849,0.13,hv,hv71082642,2019-08-11T02:44:15.850Z,"1km SW of Volcano, Hawaii",earthquake,0.23,0.16,0.27,13,automatic,hv,hv
2019-08-11T02:36:32.430Z,19.421833,-155.2486725,0.79,1.95,ml,20,120,0.01164,0.18,hv,hv71082637,2019-08-11T02:42:13.050Z,"1km SW of Volcano, Hawaii",earthquake,0.26,0.27,0.28,16,automatic,hv,hv
2019-08-11T02:34:00.850Z,36.1418333,-117.8686667,2.7,1.45,ml,13,197,0.02666,0.17,ci,ci38953976,2019-08-11T02:37:35.230Z,"13km NNE of Coso Junction, CA",earthquake,0.86,0.63,0.185,16,automatic,ci,ci
2019-08-11T02:28:20.483Z,59.7946,-152.0167,67.3,1.5,ml,,,,0.65,ak,ak019a8u7b1i,2019-08-11T02:33:20.784Z,"10km W of Anchor Point, Alaska",earthquake,,0.7,,,automatic,ak,ak
2019-08-11T02:19:30.940Z,35.6441667,-117.4473333,0.4,1.98,ml,27,70,0.02843,0.32,ci,ci38953952,2019-08-11T02:23:41.143Z,"14km SSW of Searles Valley, CA",earthquake,0.41,31.61,0.142,25,automatic,ci,ci
2019-08-11T02:13:26.615Z,30.3714,94.8065,10,5,mb,,67,5.451,1.03,us,us600053la,2019-08-11T16:42:53.741Z,"58km S of Domartang, China",earthquake,10,1.9,0.038,226,reviewed,us,us
2019-08-11T02:11:10.092Z,-7.143,102.9241,10,5,mww,,34,2.764,1.36,us,us600053l9,2019-08-11T02:27:06.040Z,"234km SSW of Biha, Indonesia",earthquake,7.1,1.8,0.08,15,reviewed,us,us
2019-08-11T02:09:09.023Z,62.3423,-151.1407,81.1,1.1,ml,,,,0.76,ak,ak019a8u37h2,2019-08-11T02:12:55.208Z,"53km W of Talkeetna, Alaska",earthquake,,1.1,,,automatic,ak,ak
2019-08-11T02:07:32.730Z,33.3686667,-116.9443333,19.28,0.53,ml,8,144,0.2616,0.08,ci,ci38953912,2019-08-11T02:11:19.099Z,"8km W of Palomar Observatory, CA",earthquake,0.48,2.23,0.098,11,automatic,ci,ci
2019-08-11T02:05:32.280Z,17.9466,-66.2558,11,1.33,md,9,205,0.1501,0.12,pr,pr2019223000,2019-08-11T04:13:58.292Z,"3km WSW of Central Aguirre, Puerto Rico",earthquake,0.57,0.75,0.19,7,reviewed,pr,pr
2019-08-11T02:04:20.490Z,35.885,-117.6853333,6.47,0.89,ml,10,81,0.08467,0.23,ci,ci38953904,2019-08-11T02:08:18.128Z,"21km ESE of Little Lake, CA",earthquake,0.58,1.84,0.125,8,automatic,ci,ci
2019-08-11T02:04:14.460Z,33.9766667,-118.3428333,15.79,1.56,ml,42,56,0.02091,0.25,ci,ci38953896,2019-08-11T02:08:01.171Z,"2km N of Inglewood, CA",earthquake,0.45,0.5,0.137,29,automatic,ci,ci
2019-08-11T01:56:11.135Z,61.4,-150.0957,34.8,1.1,ml,,,,0.48,ak,ak019a8truop,2019-08-11T02:03:12.543Z,"15km SSW of Big Lake, Alaska",earthquake,,0.2,,,automatic,ak,ak
2019-08-11T01:55:38.220Z,-18.1009,-178.0033,609.72,4.4,mb,,121,3.771,1.16,us,us600053l7,2019-08-11T02:44:01.040Z,"291km NNE of Ndoi Island, Fiji",earthquake,14.1,7.7,0.038,194,reviewed,us,us
2019-08-11T01:52:58.400Z,35.8503333,-117.6888333,10.39,1.15,ml,9,122,0.07454,0.18,ci,ci38953864,2019-08-11T01:56:41.611Z,"22km ESE of Little Lake, CA",earthquake,0.6,0.99,0.232,11,automatic,ci,ci
2019-08-11T01:46:41.280Z,38.8138351,-122.8198318,2.35,0.7,md,17,50,,0.04,nc,nc73247156,2019-08-11T02:03:04.211Z,"7km NW of The Geysers, CA",earthquake,0.25,0.62,0.14,3,automatic,nc,nc
2019-08-11T01:45:00.998Z,69.5831,-145.0126,23.2,3.6,ml,,,,0.78,ak,ak019a8tph4b,2019-08-11T05:35:07.400Z,"74km SW of Kaktovik, Alaska",earthquake,,0.5,,,reviewed,ak,ak
2019-08-11T01:41:35.040Z,40.3790016,-125.0264969,2.22,3.27,ml,38,266,0.5306,0.48,nc,nc73247146,2019-08-11T05:11:02.481Z,"63km W of Petrolia, CA",earthquake,6.94,10.04,0.187,5,automatic,nc,nc
2019-08-11T01:38:32.310Z,35.8635,-117.671,8.04,0.95,ml,15,128,0.0764,0.13,ci,ci38953856,2019-08-11T01:42:16.219Z,"23km ESE of Little Lake, CA",earthquake,0.42,0.73,0.158,8,automatic,ci,ci
2019-08-11T01:36:34.090Z,35.6286667,-117.4441667,3.2,1.37,ml,19,57,0.04002,0.18,ci,ci38953848,2019-08-11T01:40:20.751Z,"16km SSW of Searles Valley, CA",earthquake,0.29,0.3,0.09,16,automatic,ci,ci
2019-08-11T01:33:26.398Z,66.0497,-153.7678,3,1.5,ml,,,,0.52,ak,ak019a8tmye7,2019-08-11T01:41:35.348Z,"74km SW of New Allakaket, Alaska",earthquake,,0.3,,,automatic,ak,ak
2019-08-11T01:33:00.020Z,35.81,-117.6503333,3.92,1.24,ml,17,78,0.04331,0.24,ci,ci38953832,2019-08-11T01:36:47.569Z,"21km N of Ridgecrest, CA",earthquake,0.46,0.87,0.176,16,automatic,ci,ci
2019-08-11T01:21:29.727Z,59.7661,-152.443,76.9,1.6,ml,,,,0.78,ak,ak019a8tke2b,2019-08-11T01:25:20.542Z,"34km W of Anchor Point, Alaska",earthquake,,0.4,,,automatic,ak,ak
2019-08-11T01:21:08.110Z,35.6256667,-117.4721667,0.4,2.9,ml,35,65,0.0309,0.21,ci,ci38953824,2019-08-11T01:31:52.120Z,"17km SSW of Searles Valley, CA",earthquake,0.27,31.61,0.074,27,automatic,ci,ci
2019-08-11T01:18:19.840Z,35.9043333,-117.703,2.13,1.5,ml,20,87,0.1034,0.14,ci,ci38953808,2019-08-11T01:29:09.710Z,"19km E of Little Lake, CA",earthquake,0.23,0.37,0.159,22,automatic,ci,ci
2019-08-11T01:09:44.273Z,57.7021,-155.4116,76.5,2.3,ml,,,,0.43,ak,ak019a8thulg,2019-08-11T01:17:08.133Z,"87km WNW of Larsen Bay, Alaska",earthquake,,0.6,,,automatic,ak,ak
2019-08-11T01:09:28.780Z,44.6065,-114.4436667,3.73,1.73,ml,7,111,0.798,0.17,mb,mb80356839,2019-08-11T13:55:09.040Z,"20km NW of Challis, Idaho",earthquake,0.67,5.53,0.21,6,reviewed,mb,mb
2019-08-11T01:07:45.440Z,35.9086667,-117.6873333,7.11,1.39,ml,20,66,0.07456,0.19,ci,ci38953792,2019-08-11T01:11:26.488Z,"20km E of Little Lake, CA",earthquake,0.3,0.99,0.191,19,automatic,ci,ci
2019-08-11T00:48:54.810Z,35.9093333,-117.7153333,1.74,1.01,ml,10,125,0.09219,0.18,ci,ci38953776,2019-08-11T00:52:32.338Z,"18km E of Little Lake, CA",earthquake,0.48,0.49,0.181,9,automatic,ci,ci
2019-08-11T00:47:32.550Z,33.9966667,-117.6115,15.89,1.47,ml,14,89,0.1881,0.35,ci,ci38953768,2019-08-11T00:51:18.331Z,"6km SSE of Ontario, CA",earthquake,0.98,3.73,0.263,25,automatic,ci,ci
2019-08-11T00:47:14.120Z,35.596,-117.3803333,5.43,1.64,ml,23,61,0.06739,0.21,ci,ci38953760,2019-08-11T00:57:57.920Z,"19km S of Trona, CA",earthquake,0.36,0.79,0.177,23,automatic,ci,ci
2019-08-11T00:46:11.640Z,35.6588333,-117.51,9.22,1.21,ml,18,65,0.06055,0.21,ci,ci38953752,2019-08-11T00:49:58.320Z,"15km SW of Searles Valley, CA",earthquake,0.51,0.81,0.175,15,automatic,ci,ci
2019-08-11T00:40:20.390Z,66.2833,-157.1434,3.4,1.3,ml,,,,0.93,ak,ak019a8t30cf,2019-08-11T00:43:40.144Z,"70km S of Kobuk, Alaska",earthquake,,0.3,,,automatic,ak,ak
2019-08-11T00:29:28.827Z,59.9831,-141.1361,9.2,1.5,ml,,,,1.44,ak,ak019a8t0o32,2019-08-11T05:31:17.457Z,"72km E of Cape Yakataga, Alaska",ice quake,,0.5,,,automatic,ak,ak
2019-08-11T00:21:51.230Z,36.0441667,-117.84,1.65,1.29,ml,10,120,0.05469,0.1,ci,ci38953736,2019-08-11T00:25:31.155Z,"10km E of Coso Junction, CA",earthquake,0.19,0.3,0.066,4,automatic,ci,ci
2019-08-11T00:21:11.900Z,35.5963333,-117.3656667,2.28,2.13,ml,27,75,0.07123,0.21,ci,ci38953728,2019-08-11T00:32:26.110Z,"19km S of Trona, CA",earthquake,0.38,0.44,0.197,26,automatic,ci,ci
2019-08-11T00:13:56.230Z,37.6013336,-118.7913361,6.06,1.29,md,15,150,0.03206,0.02,nc,nc73247061,2019-08-11T03:13:03.630Z,"11km WNW of Toms Place, CA",earthquake,1.03,0.64,0.14,13,automatic,nc,nc
2019-08-11T00:08:07.417Z,36.53140259,-98.97877502,2.914180517,2.24,ml,31,88.84470558,0.0478272289,0.4065405201,ok,ok2019pppy,2019-08-11T00:11:41.540Z,"22km ENE of Mooreland, Oklahoma",earthquake,2.777579422,1.5333587,,24,automatic,ok,ok
2019-08-10T23:44:45.790Z,37.6763344,-118.8823318,1.89,1.51,md,11,162,0.02129,0.05,nc,nc73247051,2019-08-11T02:47:02.483Z,"10km ENE of Mammoth Lakes, CA",earthquake,0.37,1.2,0.21,11,automatic,nc,nc
2019-08-10T23:36:42.035Z,-28.0346,-66.7885,139.47,4.8,mww,,43,2.398,0.7,us,us600053kd,2019-08-11T05:38:38.040Z,"48km SSE of Belen, Argentina",earthquake,6.7,5.9,0.071,19,reviewed,us,us
2019-08-10T23:25:58.652Z,65.0202,-147.4982,0.1,1.2,ml,,,,1.1,ak,ak019a7j5hz7,2019-08-10T23:30:12.139Z,"22km NNE of Fairbanks, Alaska",earthquake,,2,,,automatic,ak,ak
2019-08-10T23:21:03.262Z,36.8445,-116.6893,0,-0.2,ml,5,256.5,0.072,0.0238,nn,nn00699423,2019-08-11T03:24:19.605Z,"9km SE of Beatty, Nevada",earthquake,,0,0.11,3,reviewed,nn,nn
2019-08-10T23:19:13.020Z,19.3111668,-155.2176666,7.14,3.5,ml,61,131,0.0305,0.14,hv,hv71082382,2019-08-11T08:27:44.631Z,"13km S of Volcano, Hawaii",earthquake,0.26,0.29,3.22,42,automatic,hv,hv
2019-08-10T23:17:17.666Z,51.9474,160.2481,10,4.9,mb,,85,1.454,0.74,us,us600053ka,2019-08-11T05:06:58.040Z,"163km SE of Petropavlovsk-Kamchatskiy, Russia",earthquake,8.2,1.8,0.025,481,reviewed,us,us
2019-08-10T23:14:37.599Z,64.6878,-146.8605,9.2,0.5,ml,,,,0.23,ak,ak019a7j33gv,2019-08-10T23:18:48.805Z,"9km ENE of Eielson Air Force Base, Alaska",earthquake,,0.9,,,automatic,ak,ak
2019-08-10T23:12:08.630Z,35.6955,-117.535,10.26,1.1,ml,10,94,0.1303,0.23,ci,ci38953640,2019-08-10T23:15:49.611Z,"14km SW of Searles Valley, CA",earthquake,0.74,2.27,0.25,9,automatic,ci,ci
2019-08-10T23:10:50.561Z,66.3047,-157.2226,1.1,1.3,ml,,,,0.4,ak,ak019a7j29lm,2019-08-10T23:18:48.414Z,"68km SSW of Kobuk, Alaska",earthquake,,0.3,,,automatic,ak,ak
2019-08-10T23:06:36.901Z,66.2863,-157.2061,2.7,1.4,ml,,,,0.44,ak,ak019a7j1doh,2019-08-10T23:17:07.677Z,"70km SSW of Kobuk, Alaska",earthquake,,0.3,,,automatic,ak,ak
2019-08-10T23:05:55.830Z,35.6331667,-117.4363333,2.74,1.4,ml,17,92,0.03351,0.19,ci,ci38953624,2019-08-10T23:09:37.684Z,"15km S of Searles Valley, CA",earthquake,0.28,0.34,0.127,19,automatic,ci,ci
2019-08-10T23:04:29.298Z,59.9534,-152.853,94.4,1.5,ml,,,,0.59,ak,ak019a7j0xo1,2019-08-10T23:09:04.482Z,"59km S of Redoubt Volcano, Alaska",earthquake,,0.5,,,automatic,ak,ak
2019-08-10T23:02:51.160Z,33.6025,-116.8056667,5.59,0.3,ml,14,137,0.03579,0.15,ci,ci38953608,2019-08-10T23:06:31.666Z,"13km WNW of Anza, CA",earthquake,0.45,0.74,0.177,7,automatic,ci,ci
2019-08-10T22:59:01.990Z,35.745,-117.5553333,1.14,1.79,ml,29,67,0.07848,0.2,ci,ci38953584,2019-08-10T23:10:08.090Z,"14km W of Searles Valley, CA",earthquake,0.27,0.43,0.151,26,automatic,ci,ci
2019-08-10T22:55:55.115Z,61.1243,-150.7406,9.3,1.2,ml,,,,0.84,ak,ak019a7iqhja,2019-08-10T23:02:42.070Z,"46km WSW of Anchorage, Alaska",earthquake,,0.4,,,automatic,ak,ak
2019-08-10T22:54:21.930Z,61.7407,-149.6781,30.7,1.8,ml,,,,0.52,ak,ak019a7iq7ag,2019-08-10T23:02:41.690Z,"13km NNW of Meadow Lakes, Alaska",earthquake,,0.3,,,automatic,ak,ak
2019-08-10T22:52:53.980Z,18.6303,-64.3871,42,2.81,md,4,348,1.5411,0.2,pr,pr2019222014,2019-08-10T23:19:37.865Z,"33km NE of Road Town, British Virgin Islands",earthquake,8.189,14.88,0.47,2,reviewed,pr,pr
2019-08-10T22:52:29.150Z,35.9513333,-117.7243333,2.36,1.3,ml,14,117,0.07528,0.16,ci,ci38953568,2019-08-10T22:57:08.092Z,"16km E of Little Lake, CA",earthquake,0.35,0.47,0.142,14,automatic,ci,ci
2019-08-10T22:45:51.030Z,38.8268318,-122.8099976,1.45,1.36,md,32,38,,0.06,nc,nc73246981,2019-08-11T02:21:04.330Z,"7km NW of The Geysers, CA",earthquake,0.18,0.3,0.13,9,automatic,nc,nc
2019-08-10T22:45:46.260Z,38.829834,-122.8103333,1.42,1.74,md,10,83,0.006433,0.04,nc,nc73246976,2019-08-11T01:53:03.154Z,"8km NW of The Geysers, CA",earthquake,0.38,0.96,,1,automatic,nc,nc
2019-08-10T22:37:43.098Z,-4.5668,145.4422,33.11,4.6,mb,,73,3.158,0.86,us,us600053jy,2019-08-11T04:46:42.040Z,"82km NNW of Madang, Papua New Guinea",earthquake,10.4,6.2,0.097,32,reviewed,us,us
2019-08-10T22:34:32.640Z,35.9405,-117.6988333,2.47,1,ml,11,88,0.07897,0.15,ci,ci38953536,2019-08-10T22:38:17.223Z,"19km E of Little Lake, CA",earthquake,0.38,0.48,0.104,11,automatic,ci,ci
2019-08-10T22:33:02.431Z,63.7087,-149.1585,108.3,2,ml,,,,0.56,ak,ak019a7ilnrh,2019-08-10T22:38:04.752Z,"19km SSW of Healy, Alaska",earthquake,,0.7,,,automatic,ak,ak
2019-08-10T22:30:58.990Z,35.931,-117.7076667,2.39,1.3,ml,16,71,0.08613,0.16,ci,ci38953528,2019-08-10T22:34:44.949Z,"18km E of Little Lake, CA",earthquake,0.25,0.41,0.167,14,automatic,ci,ci
2019-08-10T22:20:48.440Z,35.9033333,-117.7493333,5.9,1.29,ml,16,67,0.07204,0.14,ci,ci38953496,2019-08-10T22:24:34.886Z,"15km ESE of Little Lake, CA",earthquake,0.27,0.9,0.224,16,automatic,ci,ci
2019-08-10T22:18:52.510Z,37.6725006,-118.8793335,1.86,1.23,md,9,180,0.02738,0.04,nc,nc73246946,2019-08-11T00:55:02.789Z,"10km ENE of Mammoth Lakes, CA",earthquake,0.59,1.43,0.18,8,automatic,nc,nc
2019-08-10T22:12:36.790Z,35.8851667,-117.7371667,8.03,1.07,ml,13,62,0.07969,0.13,ci,ci38953472,2019-08-10T22:16:21.689Z,"16km ESE of Little Lake, CA",earthquake,0.28,0.92,0.273,12,automatic,ci,ci
2019-08-10T22:07:22.169Z,69.1395,-144.6075,0,1.7,ml,,,,0.93,ak,ak019a7ig4kp,2019-08-10T22:13:08.484Z,"117km SSW of Kaktovik, Alaska",earthquake,,1.6,,,automatic,ak,ak
2019-08-10T22:05:00.940Z,35.692,-117.4903333,6.77,1.5,ml,21,116,0.06053,0.17,ci,ci38953464,2019-08-10T22:08:47.479Z,"12km SW of Searles Valley, CA",earthquake,0.35,0.8,0.15,22,automatic,ci,ci
2019-08-10T22:04:21.420Z,66.229,-157.4361,0,1.2,ml,,,,0.95,ak,ak019a7ifhge,2019-08-10T22:07:35.766Z,"79km SSW of Kobuk, Alaska",earthquake,,0.5,,,automatic,ak,ak
2019-08-10T22:04:03.390Z,35.6858333,-117.4988333,1.62,1.15,ml,18,107,0.06458,0.2,ci,ci38953448,2019-08-10T22:07:47.092Z,"12km SW of Searles Valley, CA",earthquake,0.38,0.5,0.216,14,automatic,ci,ci
2019-08-10T22:01:49.324Z,64.4836,-147.9446,11.7,0.8,ml,,,,0.28,ak,ak019a7iewgk,2019-08-10T22:05:24.997Z,"40km SSW of Fairbanks, Alaska",earthquake,,0.2,,,automatic,ak,ak
2019-08-10T21:59:42.810Z,44.995,-123.821,45.31,1.85,ml,14,166,,0.27,uw,uw61543301,2019-08-10T22:48:02.720Z,"4km ESE of Rose Lodge, Oregon",earthquake,0.76,1.47,0.0960716578361136,11,reviewed,uw,uw
2019-08-10T21:58:52.388Z,-5.9833,146.7406,102.54,5,mb,,124,3.424,1,us,us600053jp,2019-08-11T04:44:05.040Z,"86km NNW of Lae, Papua New Guinea",earthquake,9.1,7.5,0.151,14,reviewed,us,us
2019-08-10T21:55:18.550Z,35.8476667,-117.6661667,9.3,0.6,ml,8,85,0.06425,0.11,ci,ci38953408,2019-08-10T21:58:56.499Z,"24km ESE of Little Lake, CA",earthquake,0.43,1.03,0.194,4,automatic,ci,ci
2019-08-10T21:47:14.840Z,37.6443329,-118.9440002,4.91,1.63,md,13,62,0.02193,0.03,nc,nc73246931,2019-08-11T00:27:04.609Z,"3km ENE of Mammoth Lakes, CA",earthquake,0.52,0.77,0.17,12,automatic,nc,nc
2019-08-10T21:40:18.100Z,38.8161659,-122.8164978,3.37,0.88,md,9,99,0.008791,0.04,nc,nc73246911,2019-08-10T22:03:03.739Z,"7km NW of The Geysers, CA",earthquake,0.63,1.14,,1,automatic,nc,nc
2019-08-10T21:39:02.250Z,38.8404999,-122.8796692,2.22,0.92,md,18,94,,0.03,nc,nc73246906,2019-08-11T00:01:03.427Z,"12km ENE of Cloverdale, CA",earthquake,0.27,0.44,,4,automatic,nc,nc
2019-08-10T21:38:54.495Z,52.1546,-168.2662,10,4.8,mwr,,131,0.894,0.95,us,us600053je,2019-08-11T04:41:05.040Z,"96km SSE of Nikolski, Alaska",earthquake,3.4,1.8,0.078,16,reviewed,us,us
2019-08-10T21:25:44.420Z,35.7881667,-117.6285,7.82,1,ml,14,67,0.03731,0.16,ci,ci38953376,2019-08-10T21:29:30.682Z,"19km NNE of Ridgecrest, CA",earthquake,0.39,0.72,0.194,10,automatic,ci,ci
2019-08-10T21:20:00.890Z,35.9103333,-117.7458333,7.27,0.93,ml,16,64,0.07014,0.19,ci,ci38953360,2019-08-10T21:23:27.771Z,"15km ESE of Little Lake, CA",earthquake,0.47,1.15,0.197,12,automatic,ci,ci
2019-08-10T21:16:31.720Z,33.51,-116.5118333,10.35,0.59,ml,21,82,0.05001,0.13,ci,ci38953352,2019-08-10T21:19:59.955Z,"16km ESE of Anza, CA",earthquake,0.28,0.31,0.06,15,automatic,ci,ci
2019-08-10T21:15:00.443Z,39.2314,-120.0877,7.5,0.7,ml,5,143.14,0.038,0.0137,nn,nn00699422,2019-08-11T03:21:14.277Z,"3km WSW of Tahoe Vista, California",earthquake,,1.7,0.1,2,reviewed,nn,nn
2019-08-10T21:13:56.020Z,35.5978333,-117.3931667,1.61,1.6,ml,23,67,0.05739,0.23,ci,ci38953344,2019-08-10T21:17:48.946Z,"18km S of Trona, CA",earthquake,0.35,0.54,0.142,25,automatic,ci,ci
2019-08-10T21:11:51.540Z,35.9083333,-117.686,4.3,1.16,ml,14,96,0.04894,0.17,ci,ci38953336,2019-08-10T21:15:36.311Z,"20km E of Little Lake, CA",earthquake,0.33,0.67,0.134,17,automatic,ci,ci
2019-08-10T21:11:10.252Z,-0.7213,99.3628,44.19,5.2,mww,,28,3.42,0.72,us,us600053j1,2019-08-11T11:05:43.706Z,"60km NE of Sikabaluan, Indonesia",earthquake,5.1,4.4,0.08,15,reviewed,us,us
2019-08-10T21:09:39.020Z,35.938,-117.6891667,2.97,0.89,ml,10,85,0.03299,0.21,ci,ci38953320,2019-08-10T21:13:22.346Z,"20km E of Little Lake, CA",earthquake,0.62,1.35,0.092,8,automatic,ci,ci
2019-08-10T21:07:44.240Z,35.9378333,-117.6981667,2.73,1.08,ml,13,60,0.04006,0.13,ci,ci38953304,2019-08-10T21:11:17.787Z,"19km E of Little Lake, CA",earthquake,0.23,0.35,0.128,13,automatic,ci,ci
2019-08-10T20:51:28.990Z,35.9433333,-117.7013333,2.58,1.54,ml,19,88,0.0416,0.19,ci,ci38953256,2019-08-10T20:55:11.966Z,"18km E of Little Lake, CA",earthquake,0.29,0.42,0.181,26,automatic,ci,ci
2019-08-10T20:39:53.820Z,38.8175011,-122.8061676,2.95,1.14,md,26,46,,0.04,nc,nc73246866,2019-08-10T22:39:03.963Z,"6km NW of The Geysers, CA",earthquake,0.22,0.47,0.03,7,automatic,nc,nc
2019-08-10T20:39:09.434Z,59.9343,-139.5868,3.3,1.6,ml,,,,0.72,ak,ak019a7hg3e6,2019-08-11T05:14:42.256Z,"43km N of Yakutat, Alaska",ice quake,,0.2,,,automatic,ak,ak
2019-08-10T20:28:16.000Z,35.9411667,-117.6621667,12.26,0.87,ml,7,125,0.01169,0.2,ci,ci38953192,2019-08-10T20:31:57.080Z,"22km E of Little Lake, CA",earthquake,1.42,1.7,0.232,9,automatic,ci,ci
2019-08-10T20:26:56.790Z,38.8041649,-122.7798309,1.29,0.92,md,20,66,,0.03,nc,nc73246856,2019-08-10T20:41:03.228Z,"4km NW of The Geysers, CA",earthquake,0.21,0.36,0.11,5,automatic,nc,nc
2019-08-10T20:20:06.030Z,45.8628333,-111.362,2.97,1.99,ml,16,87,0.306,0.23,mb,mb80356799,2019-08-10T22:03:39.280Z,"2km WNW of Manhattan, Montana",earthquake,0.52,7.25,0.06,9,reviewed,mb,mb
2019-08-10T20:13:37.330Z,33.5021667,-116.7918333,5.26,0.25,ml,19,75,0.0778,0.16,ci,ci38953160,2019-08-10T20:17:15.977Z,"10km NE of Aguanga, CA",earthquake,0.33,1.21,0.025,4,automatic,ci,ci
2019-08-10T20:12:53.610Z,38.1176682,-121.9003296,20.27,1.83,md,11,148,0.1286,0.23,nc,nc73246846,2019-08-10T22:12:02.799Z,"10km N of Pittsburg, CA",earthquake,1.66,0.78,0.12,6,automatic,nc,nc
2019-08-10T20:11:42.320Z,35.9475,-117.6506667,0.8,1.1,ml,10,120,0.000462,0.17,ci,ci38953152,2019-08-10T20:15:26.722Z,"23km E of Little Lake, CA",earthquake,0.8,0.36,0.123,12,automatic,ci,ci
2019-08-10T20:10:38.190Z,32.9885,-116.7063333,0.24,0.67,ml,5,247,0.1298,0.18,ci,ci38953144,2019-08-10T20:14:24.966Z,"8km ESE of San Diego Country Estates, CA",earthquake,4.41,31.61,0.147,6,automatic,ci,ci
2019-08-10T20:08:50.460Z,35.8955,-117.7226667,2.82,1.86,ml,29,54,0.07859,0.18,ci,ci38953136,2019-08-10T20:19:26.110Z,"17km ESE of Little Lake, CA",earthquake,0.23,0.59,0.188,25,automatic,ci,ci
2019-08-10T20:01:31.470Z,35.8653333,-117.6835,8.06,0.95,ml,12,86,0.08562,0.1,ci,ci38953120,2019-08-10T20:05:11.905Z,"22km ESE of Little Lake, CA",earthquake,0.23,0.62,0.157,10,automatic,ci,ci
2019-08-10T19:58:32.253Z,63.2322,-150.5196,130.7,2,ml,,,,0.37,ak,ak019a7gys10,2019-08-10T20:03:27.126Z,"80km WSW of Cantwell, Alaska",earthquake,,0.7,,,automatic,ak,ak
2019-08-10T19:54:57.100Z,35.6333333,-117.1796667,0.32,1.45,ml,9,285,0.1855,0.23,ci,ci38953112,2019-08-10T19:59:04.861Z,"23km SE of Trona, CA",earthquake,9.34,31.61,0.26,21,automatic,ci,ci
2019-08-10T19:53:22.150Z,35.683,-117.4985,5.34,1.09,ml,15,105,0.06348,0.2,ci,ci38953104,2019-08-10T19:57:05.848Z,"13km SW of Searles Valley, CA",earthquake,0.5,31.61,0.165,12,automatic,ci,ci
2019-08-10T19:45:57.850Z,35.7526667,-117.5588333,7.55,1.82,ml,27,116,0.07036,0.14,ci,ci38953096,2019-08-10T19:57:10.840Z,"14km W of Searles Valley, CA",earthquake,0.26,0.72,0.147,26,automatic,ci,ci
2019-08-10T19:45:08.321Z,66.3083,-157.2054,3.4,0.9,ml,,,,1.24,ak,ak019a7gvxzk,2019-08-10T19:48:33.169Z,"68km SSW of Kobuk, Alaska",earthquake,,0.4,,,automatic,ak,ak
2019-08-10T19:41:33.690Z,35.6723333,-117.5233333,5.3,0.88,ml,10,181,0.06252,0.24,ci,ci38953088,2019-08-10T19:45:17.764Z,"15km ENE of Ridgecrest, CA",earthquake,1.15,31.61,0.149,11,automatic,ci,ci
2019-08-10T19:35:27.399Z,63.2512,-151.0391,0,2.6,ml,,,,0.82,ak,ak019a7gtua3,2019-08-10T19:41:21.174Z,"105km W of Cantwell, Alaska",earthquake,,0.3,,,automatic,ak,ak
2019-08-10T19:26:15.500Z,35.6643333,-117.4845,4.12,1.11,ml,20,54,0.04953,0.16,ci,ci38953064,2019-08-10T19:29:54.667Z,"14km SSW of Searles Valley, CA",earthquake,0.28,0.65,0.183,15,automatic,ci,ci
2019-08-10T19:24:34.070Z,35.694,-117.5255,2.27,0.96,ml,16,130,0.08011,0.18,ci,ci38953048,2019-08-10T19:29:09.663Z,"14km SW of Searles Valley, CA",earthquake,0.39,0.47,0.111,12,automatic,ci,ci
2019-08-10T19:21:12.328Z,60.1022,-152.0619,50.7,1.2,ml,,,,0.63,ak,ak019a7gqt40,2019-08-10T19:27:57.568Z,"38km NNW of Anchor Point, Alaska",earthquake,,1.5,,,automatic,ak,ak
2019-08-10T19:18:45.690Z,32.686,-115.593,1.32,1.4,ml,11,122,0.08634,0.36,ci,ci38953040,2019-08-10T19:22:22.614Z,"8km SW of Heber, CA",earthquake,1.8,1.36,0.149,11,automatic,ci,ci
2019-08-10T19:11:45.678Z,66.4424,-142.7068,0.1,1.4,ml,,,,0.85,ak,ak019a7goqiv,2019-08-10T19:16:53.950Z,"92km NE of Circle, Alaska",earthquake,,0.2,,,automatic,ak,ak
2019-08-10T19:10:32.720Z,35.8901667,-117.7338333,9.41,0.83,ml,12,74,0.08525,0.15,ci,ci38953024,2019-08-10T19:14:14.019Z,"16km ESE of Little Lake, CA",earthquake,0.38,1.04,0.206,9,automatic,ci,ci
2019-08-10T19:09:17.660Z,35.7228333,-117.5223333,0.73,1.57,ml,26,120,0.09882,0.18,ci,ci38953008,2019-08-10T19:19:58.560Z,"12km WSW of Searles Valley, CA",earthquake,0.26,0.41,0.16,27,automatic,ci,ci
2019-08-10T19:09:00.670Z,35.7856667,-117.5863333,2.84,1.07,ml,11,112,0.03135,0.21,ci,ci38953016,2019-08-10T19:13:19.017Z,"17km W of Searles Valley, CA",earthquake,0.4,0.57,0.085,12,automatic,ci,ci
2019-08-10T19:02:35.100Z,36.151,-117.9145,2.74,2.69,ml,28,61,0.05868,0.16,ci,ci38953000,2019-08-10T21:26:51.350Z,"12km NNE of Coso Junction, CA",earthquake,0.28,0.94,0.206,25,automatic,ci,ci
2019-08-10T18:56:47.260Z,45.8678333,-111.375,4.03,1.91,ml,12,85,0.305,0.14,mb,mb80356874,2019-08-11T13:24:16.600Z,"3km WNW of Manhattan, Montana",earthquake,0.4,10.55,0.051,6,reviewed,mb,mb
2019-08-10T18:56:11.480Z,45.8665,-111.3708333,3.93,1.5,ml,12,86,0.305,0.13,mb,mb80356774,2019-08-11T13:18:34.660Z,"3km WNW of Manhattan, Montana",earthquake,0.4,9.98,0.113,4,reviewed,mb,mb
2019-08-10T18:53:11.010Z,36.1066667,-117.8698333,4.36,1.22,ml,12,171,0.0163,0.18,ci,ci38952984,2019-08-10T18:56:46.317Z,"10km NE of Coso Junction, CA",earthquake,0.54,0.58,0.173,13,automatic,ci,ci
2019-08-10T18:52:43.360Z,36.1126667,-117.8683333,0.77,1.22,ml,13,177,0.01196,0.24,ci,ci38952968,2019-08-10T18:56:15.031Z,"10km NE of Coso Junction, CA",earthquake,0.96,0.4,0.202,17,automatic,ci,ci
2019-08-10T18:48:26.000Z,38.8033333,-122.8255005,0.41,0.57,md,9,98,,0.02,nc,nc73246806,2019-08-10T19:16:08.720Z,"7km WNW of The Geysers, CA",earthquake,0.39,0.77,0.01,2,automatic,nc,nc
2019-08-10T18:43:15.210Z,35.8736667,-117.7095,2.88,1.16,ml,19,78,0.07903,0.16,ci,ci38952952,2019-08-10T18:46:56.275Z,"19km ESE of Little Lake, CA",earthquake,0.25,0.53,0.141,20,automatic,ci,ci
2019-08-10T18:42:29.040Z,35.6753333,-117.514,1.04,1.3,ml,20,38,0.06959,0.19,ci,ci38952944,2019-08-10T18:45:56.801Z,"14km SW of Searles Valley, CA",earthquake,0.29,0.49,0.167,18,automatic,ci,ci
2019-08-10T18:38:40.740Z,35.7161667,-117.5693333,6.57,0.82,ml,15,103,0.09392,0.14,ci,ci38952936,2019-08-10T18:42:22.789Z,"14km NE of Ridgecrest, CA",earthquake,0.42,1.38,0.079,10,automatic,ci,ci
2019-08-10T18:36:57.620Z,35.7906667,-117.772,4.73,1.12,ml,16,51,0.01877,0.14,ci,ci38952928,2019-08-10T18:40:36.204Z,"16km NNE of Inyokern, CA",earthquake,0.3,0.4,0.166,15,automatic,ci,ci
2019-08-10T18:27:41.260Z,35.5398333,-117.4265,29.4,1.34,ml,10,202,0.05268,0.32,ci,ci38952912,2019-08-10T18:31:25.714Z,"24km ESE of Ridgecrest, CA",earthquake,5.01,1.84,0.292,10,automatic,ci,ci
2019-08-10T18:23:30.770Z,36.1011667,-117.8783333,1.76,1.46,ml,17,130,0.02509,0.16,ci,ci38952896,2019-08-10T18:27:09.161Z,"9km NE of Coso Junction, CA",earthquake,0.42,0.3,0.168,22,automatic,ci,ci
2019-08-10T18:12:23.790Z,35.649,-117.4513333,5.02,1.51,ml,24,57,0.02767,0.16,ci,ci38952880,2019-08-10T18:23:36.110Z,"14km SSW of Searles Valley, CA",earthquake,0.28,0.46,0.117,24,automatic,ci,ci
2019-08-10T18:06:41.872Z,63.164,-150.5546,114.5,2.2,ml,,,,0.47,ak,ak019a7g27ym,2019-08-10T18:17:50.583Z,"84km WSW of Cantwell, Alaska",earthquake,,0.4,,,automatic,ak,ak
2019-08-10T18:03:17.820Z,19.3813324,-155.0611725,3.59,2.03,ml,46,177,0.02476,0.35,hv,hv71082142,2019-08-10T23:58:54.067Z,"14km S of Fern Acres, Hawaii",earthquake,0.97,1.13,3.23,14,automatic,hv,hv
2019-08-10T18:03:12.300Z,35.6908333,-117.4878333,3.48,0.91,ml,16,136,0.05819,0.33,ci,ci38952872,2019-08-10T18:06:39.958Z,"11km SW of Searles Valley, CA",earthquake,0.72,2.17,0.17,10,automatic,ci,ci
2019-08-10T18:00:22.380Z,33.8953333,-116.2161667,11.08,0.69,ml,12,68,0.04656,0.13,ci,ci38952856,2019-08-10T18:04:05.038Z,"18km ENE of Thousand Palms, CA",earthquake,0.4,0.63,0.061,8,automatic,ci,ci
2019-08-10T17:58:35.040Z,38.7535019,-122.7061691,1.65,1.38,md,14,107,,0.06,nc,nc73246746,2019-08-10T19:52:02.909Z,"3km SSW of Anderson Springs, CA",earthquake,0.26,0.47,0.04,9,automatic,nc,nc
2019-08-10T17:52:52.990Z,35.8406667,-117.6955,6.65,1.55,ml,26,46,0.06485,0.17,ci,ci38952840,2019-08-10T17:57:03.885Z,"22km ESE of Little Lake, CA",earthquake,0.24,0.57,0.218,26,automatic,ci,ci
2019-08-10T17:52:47.270Z,35.8405,-117.699,7.46,1.09,ml,15,86,0.06231,0.21,ci,ci38952832,2019-08-10T17:56:30.647Z,"22km ESE of Little Lake, CA",earthquake,0.42,1.22,0.108,7,automatic,ci,ci
2019-08-10T17:45:34.230Z,35.9373333,-117.7028333,2.84,1.21,ml,18,59,0.04385,0.15,ci,ci38952816,2019-08-10T17:49:15.317Z,"18km E of Little Lake, CA",earthquake,0.22,0.4,0.228,18,automatic,ci,ci
2019-08-10T17:40:11.883Z,37.6184,-117.7235,0,0.4,ml,6,153.29,0.319,0.1684,nn,nn00699421,2019-08-11T03:18:09.493Z,"44km WSW of Goldfield, Nevada",earthquake,,0,0.31,3,reviewed,nn,nn
2019-08-10T17:39:12.770Z,35.5058333,-118.3958333,7.82,1.38,ml,23,66,0.1691,0.21,ci,ci38952792,2019-08-10T17:42:54.409Z,"13km SE of Bodfish, CA",earthquake,0.34,1.62,0.133,23,automatic,ci,ci
2019-08-10T17:37:16.750Z,38.7928352,-122.7841644,4.83,0.1,md,9,94,,0.01,nc,nc73246731,2019-08-10T19:25:03.763Z,"3km NW of The Geysers, CA",earthquake,0.89,2.87,0.01,3,automatic,nc,nc
2019-08-10T17:37:10.520Z,35.9018333,-117.6986667,2.6,0.69,ml,12,89,0.06041,0.15,ci,ci38952784,2019-08-10T17:40:38.269Z,"19km ESE of Little Lake, CA",earthquake,0.27,0.42,0.148,9,automatic,ci,ci
2019-08-10T17:36:43.824Z,62.954,-150.6045,102.3,1.1,ml,,,,0.27,ak,ak019a7fn82m,2019-08-10T17:39:48.013Z,"74km NNW of Talkeetna, Alaska",earthquake,,1.2,,,automatic,ak,ak
2019-08-10T17:33:14.890Z,35.9191667,-117.7138333,2.63,1.51,ml,27,39,0.05894,0.17,ci,ci38952768,2019-08-10T17:44:21.540Z,"18km E of Little Lake, CA",earthquake,0.22,0.37,0.147,25,automatic,ci,ci
2019-08-10T17:31:30.900Z,19.3338337,-155.1911621,3.9,1.78,ml,44,152,0.04591,0.12,hv,hv71082102,2019-08-10T17:37:23.020Z,"11km SSE of Volcano, Hawaii",earthquake,0.33,1.44,0.14,5,automatic,hv,hv
2019-08-10T17:29:38.150Z,35.081,-117.6026667,0.16,1.35,ml,8,225,0.4839,0.39,ci,ci38952760,2019-08-10T17:33:32.823Z,"10km NNE of Boron, CA",earthquake,4.48,31.61,0.246,15,automatic,ci,ci
2019-08-10T17:26:01.820Z,35.7685,-117.5766667,7.47,0.78,ml,16,145,0.05009,0.17,ci,ci38952752,2019-08-10T17:29:30.600Z,"16km W of Searles Valley, CA",earthquake,0.43,0.79,0.14,8,automatic,ci,ci
2019-08-10T17:24:29.680Z,35.8926667,-117.682,3.98,0.51,ml,9,95,0.0608,0.15,ci,ci38952744,2019-08-10T17:28:04.203Z,"21km ESE of Little Lake, CA",earthquake,0.37,1.04,0.16,6,automatic,ci,ci
2019-08-10T17:21:56.740Z,35.6695,-117.4258333,5.76,0.85,ml,18,98,0.004709,0.17,ci,ci38952728,2019-08-10T17:25:42.273Z,"11km S of Searles Valley, CA",earthquake,0.38,0.52,0.184,10,automatic,ci,ci
2019-08-10T17:21:28.080Z,35.8903333,-117.7111667,7.26,0.95,ml,15,81,0.07573,0.11,ci,ci38952720,2019-08-10T17:25:00.601Z,"18km ESE of Little Lake, CA",earthquake,0.27,0.92,0.203,14,automatic,ci,ci
2019-08-10T17:18:16.490Z,35.8061667,-117.6253333,9.03,0.69,ml,12,61,0.02455,0.18,ci,ci38952704,2019-08-10T17:21:54.581Z,"20km WNW of Searles Valley, CA",earthquake,0.51,0.81,0.162,7,automatic,ci,ci
2019-08-10T17:16:05.510Z,-31.7578,-71.4167,53.78,4.7,mb,,73,0.657,0.98,us,us600053g8,2019-08-10T17:56:35.040Z,"27km WSW of Illapel, Chile",earthquake,3.8,5.9,0.058,89,reviewed,us,us
2019-08-10T17:10:43.260Z,38.8078346,-122.7958298,3.02,0.59,md,12,62,,0.04,nc,nc73246721,2019-08-10T17:28:03.061Z,"5km NW of The Geysers, CA",earthquake,0.36,0.63,0.03,4,automatic,nc,nc
2019-08-10T17:10:11.560Z,35.8326667,-117.6785,8.75,0.85,ml,13,93,0.06795,0.2,ci,ci38952696,2019-08-10T17:13:55.543Z,"24km N of Ridgecrest, CA",earthquake,0.41,1.09,0.149,7,automatic,ci,ci
2019-08-10T17:06:07.340Z,35.8941667,-117.6906667,6.54,0.62,ml,15,88,0.0628,0.23,ci,ci38952688,2019-08-10T17:09:49.519Z,"20km ESE of Little Lake, CA",earthquake,0.51,1.06,0.087,7,automatic,ci,ci
2019-08-10T17:04:48.820Z,36.0626667,-117.8598333,0.96,1.57,ml,17,136,0.05495,0.14,ci,ci38952680,2019-08-10T17:08:46.515Z,"8km ENE of Coso Junction, CA",earthquake,0.24,0.31,0.14,25,automatic,ci,ci
2019-08-10T17:03:58.650Z,45.8631667,-111.362,4.09,1.14,ml,10,87,0.306,0.14,mb,mb80356769,2019-08-10T18:27:17.650Z,"2km WNW of Manhattan, Montana",earthquake,0.47,10.38,0.033,2,reviewed,mb,mb
